tm,minTa,maxTa,avgTa,sumRn,hr1MaxRn
2019-05-31,13.7,24.1,,0.2,0.2
2019-06-01,10.8,23.5,17.4,0.0,
2019-06-02,13.5,28.0,21.0,0.0,
2019-06-03,13.9,29.5,22.2,0.0,
2019-06-04,16.3,30.9,23.1,0.0,
2019-06-05,16.6,30.2,22.7,0.0,
2019-06-06,16.2,27.3,20.5,29.2,7.9
2019-06-07,16.1,21.3,18.4,35.1,13.7
2019-06-08,15.5,27.0,20.8,0.0,
2019-06-09,17.6,27.3,21.4,15.5,13.2
2019-06-10,14.8,22.8,18.3,7.0,4.1
2019-06-11,16.4,25.5,20.0,0.0,
2019-06-12,14.2,27.2,20.4,0.0,
2019-06-13,15.3,29.9,22.5,0.0,
2019-06-14,17.7,25.0,21.1,0.0,
2019-06-15,15.6,26.6,20.9,0.0,
2019-06-16,14.9,27.2,20.6,0.0,
2019-06-17,16.9,26.6,21.2,0.0,
2019-06-18,16.5,25.9,20.7,0.0,0.0
2019-06-19,18.3,26.3,21.8,0.0,
2019-06-20,17.8,28.2,22.6,0.0,
2019-06-21,19.5,28.0,22.8,0.0,
2019-06-22,18.8,29.6,23.1,0.0,
2019-06-23,17.9,29.0,23.7,0.0,
2019-06-24,17.8,30.1,23.5,0.0,
2019-06-25,17.0,32.2,24.9,0.0,
2019-06-26,19.1,24.0,21.3,2.7,1.0
2019-06-27,20.5,29.5,24.3,0.1,0.1
2019-06-28,21.3,29.2,24.3,0.0,
2019-06-29,20.3,23.9,21.6,13.9,4.6
2019-06-30,20.1,27.7,23.2,0.0,
2019-07-01,19.4,26.8,23.2,0.0,
2019-07-02,16.1,29.3,22.9,0.0,
2019-07-03,18.3,28.3,23.0,0.0,
2019-07-04,17.8,31.5,24.7,0.0,
2019-07-05,18.8,34.4,26.7,0.0,
2019-07-06,19.6,32.5,26.9,0.0,
2019-07-07,21.5,30.0,25.3,0.0,
2019-07-08,20.0,29.2,24.4,0.1,0.1
2019-07-09,19.7,29.3,24.1,0.0,
2019-07-10,19.3,23.6,21.3,14.4,2.8
2019-07-11,19.2,22.9,21.1,6.7,1.7
2019-07-12,19.3,27.5,23.0,0.0,
2019-07-13,19.7,28.3,23.3,0.0,
2019-07-14,19.6,30.0,24.5,0.0,
2019-07-15,19.4,27.9,23.4,51.0,42.4
2019-07-16,19.9,30.3,24.1,0.0,
2019-07-17,21.4,29.5,25.4,0.2,0.2
2019-07-18,22.5,29.0,25.0,1.6,0.7
2019-07-19,23.3,29.2,26.5,0.0,
2019-07-20,23.4,28.4,25.4,17.8,3.3
2019-07-21,21.8,28.4,24.7,21.0,7.6
2019-07-22,25.0,32.1,27.7,0.0,
2019-07-23,25.2,32.8,27.9,0.2,0.2
2019-07-24,24.9,29.7,26.7,0.3,0.3
2019-07-25,25.0,26.6,25.6,78.3,45.2
2019-07-26,25.5,28.5,26.4,8.9,3.3
2019-07-27,24.9,30.6,27.2,56.0,41.3
2019-07-28,24.8,28.4,26.3,17.9,13.3
2019-07-29,24.0,32.0,28.0,0.0,
2019-07-30,25.9,32.7,28.5,0.0,
2019-07-31,26.4,32.5,28.4,0.0,
2019-08-01,25.2,33.2,28.4,0.0,
2019-08-02,24.4,34.2,28.9,0.0,
2019-08-03,24.9,34.9,27.6,18.3,18.3
2019-08-04,24.3,34.7,28.8,0.0,
2019-08-05,24.7,35.5,29.6,0.0,
2019-08-06,26.3,32.9,29.4,0.0,
2019-08-07,23.3,32.6,27.8,28.4,15.8
2019-08-08,24.4,32.3,26.6,15.8,12.5
2019-08-09,24.4,34.0,28.5,0.0,
2019-08-10,25.1,33.9,29.5,0.0,
2019-08-11,25.5,33.6,29.6,1.7,1.4
2019-08-12,24.5,32.3,27.2,14.5,9.3
2019-08-13,24.5,34.2,28.5,0.5,0.5
2019-08-14,24.8,33.8,29.5,0.0,
2019-08-15,23.8,29.2,25.1,24.4,7.0
2019-08-16,23.5,30.3,26.2,0.1,0.1
2019-08-17,21.7,29.8,25.2,5.1,5.1
2019-08-18,19.0,30.0,23.9,0.0,
2019-08-19,20.0,31.1,25.4,0.0,
2019-08-20,22.3,30.9,26.8,0.0,
2019-08-21,22.7,31.9,26.8,0.0,
2019-08-22,22.6,29.6,25.6,30.9,16.2
2019-08-23,20.4,29.7,24.1,0.0,
2019-08-24,18.8,27.3,22.4,0.0,
2019-08-25,18.2,29.8,23.3,0.0,
2019-08-26,18.5,31.5,24.8,0.0,
2019-08-27,19.3,25.3,22.0,38.2,17.4
2019-08-28,20.6,28.4,23.5,0.9,0.8
2019-08-29,19.6,27.6,21.8,8.9,8.2
2019-08-30,17.8,27.5,21.9,0.0,
2019-08-31,17.4,27.6,22.1,0.0,
2019-09-01,17.8,27.4,22.1,0.0,
2019-09-02,19.0,27.0,22.3,3.3,3.0
2019-09-03,20.0,23.7,22.0,1.1,0.4
2019-09-04,21.3,28.2,23.2,7.1,3.5
2019-09-05,21.1,27.6,23.4,28.1,25.5
2019-09-06,22.0,27.8,25.3,0.6,0.3
2019-09-07,22.4,30.5,25.8,1.4,0.9
2019-09-08,22.0,28.3,24.3,0.6,0.4
2019-09-09,22.3,24.8,23.5,7.2,1.2
2019-09-10,23.2,30.5,26.6,0.0,
2019-09-11,23.1,26.7,24.3,1.8,1.6
2019-09-12,19.3,23.8,20.6,10.1,4.5
2019-09-13,18.2,27.1,22.5,0.0,
2019-09-14,18.6,27.7,22.4,0.0,
2019-09-15,21.1,30.1,24.6,0.0,
2019-09-16,20.4,29.0,24.0,0.0,
2019-09-17,16.3,27.8,22.2,0.0,
2019-09-18,14.5,27.9,20.7,0.0,
2019-09-19,12.0,26.5,19.6,0.0,
2019-09-20,16.2,23.2,19.7,0.0,
2019-09-21,15.3,19.9,17.4,39.2,6.2
2019-09-22,14.9,17.6,16.2,62.7,9.2
2019-09-23,13.7,22.2,17.8,0.0,
2019-09-24,12.4,24.9,17.6,0.0,
2019-09-25,12.2,24.3,17.8,0.0,
2019-09-26,16.5,24.6,20.5,0.0,
2019-09-27,16.7,28.7,22.1,0.0,
2019-09-28,19.4,29.3,23.5,0.0,
2019-09-29,17.3,28.6,21.9,0.0,
2019-09-30,14.7,29.4,21.2,0.0,
2019-10-01,17.4,25.5,21.4,0.0,
2019-10-02,19.9,21.6,20.7,66.2,10.8
2019-10-03,19.2,27.1,22.2,14.2,5.6
2019-10-04,19.2,27.4,21.7,0.0,
2019-10-05,15.9,21.6,18.6,0.0,
2019-10-06,14.4,21.7,17.7,0.0,
2019-10-07,13.9,16.9,14.9,8.4,1.5
2019-10-08,9.3,22.1,14.8,0.0,
2019-10-09,5.9,20.5,12.7,0.0,
2019-10-10,9.5,18.6,13.9,0.0,
2019-10-11,11.0,24.0,17.1,0.0,
2019-10-12,13.8,23.8,18.1,0.0,
2019-10-13,10.2,21.7,15.9,0.0,
2019-10-14,8.8,20.2,13.5,0.0,
2019-10-15,7.3,19.1,13.1,0.0,
2019-10-16,8.7,20.8,14.0,0.0,
2019-10-17,10.5,20.4,14.6,0.0,
2019-10-18,10.9,21.1,15.7,0.0,
2019-10-19,11.6,23.0,16.2,0.0,
2019-10-20,10.6,21.8,14.7,0.0,
2019-10-21,8.8,23.1,14.7,0.0,
2019-10-22,10.3,22.8,16.1,0.0,
2019-10-23,12.4,19.0,16.0,0.0,
2019-10-24,13.5,22.9,17.9,0.0,
2019-10-25,11.7,22.3,17.0,0.0,
2019-10-26,6.9,16.3,11.5,0.0,
2019-10-27,3.4,17.0,10.0,0.0,
2019-10-28,4.1,17.8,11.7,0.0,
2019-10-29,8.6,18.1,12.6,2.8,2.7
2019-10-30,4.9,17.6,10.5,0.0,
2019-10-31,5.0,19.8,12.6,0.0,
2019-11-01,9.2,21.3,14.3,0.0,
2019-11-02,6.7,19.0,12.7,0.0,
2019-11-03,8.6,19.8,13.6,0.0,
2019-11-04,8.5,19.7,13.1,0.0,
2019-11-05,5.8,19.5,11.5,0.0,
2019-11-06,3.9,17.8,10.4,0.0,
2019-11-07,3.8,16.8,9.8,0.0,
2019-11-08,-0.7,14.3,6.4,0.0,
2019-11-09,0.3,16.6,7.6,0.0,
2019-11-10,2.7,15.1,8.4,16.6,
2019-11-11,8.2,15.9,11.2,3.2,
2019-11-12,2.7,15.4,9.1,0.0,
2019-11-13,4.4,12.5,7.7,1.5,
2019-11-14,-1.3,6.6,2.2,0.0,
2019-11-15,-2.2,16.8,9.2,0.2,
2019-11-16,7.4,17.3,11.3,2.0,
2019-11-17,5.6,14.0,9.4,74.6,
2019-11-18,1.8,14.0,6.9,11.0,
2019-11-19,-1.0,5.1,1.8,0.1,
2019-11-20,-2.6,8.0,1.7,0.0,
2019-11-21,-3.1,10.5,4.5,0.0,
2019-11-22,2.9,16.7,9.7,0.0,
2019-11-23,5.0,17.8,11.3,0.1,
2019-11-24,7.3,20.9,12.1,2.9,
2019-11-25,1.1,7.9,2.9,0.0,
2019-11-26,0.3,14.1,7.4,0.0,
2019-11-27,0.9,8.1,5.1,0.0,
2019-11-28,-1.4,11.2,3.9,0.0,
2019-11-29,-2.4,8.9,2.2,0.0,
2019-11-30,-2.5,11.8,4.6,0.0,
2019-12-01,4.3,7.6,5.8,8.9,
2019-12-02,-1.1,6.3,2.5,0.0,
2019-12-03,-3.2,6.4,0.9,0.8,
2019-12-04,0.3,9.7,4.7,0.0,
2019-12-05,-5.8,3.5,-1.1,0.0,
2019-12-06,-9.4,1.3,-4.6,0.0,
2019-12-07,-7.7,5.7,-1.0,0.0,
2019-12-08,-4.5,6.4,0.6,0.0,
2019-12-09,-3.8,9.9,3.1,0.0,
2019-12-10,2.6,13.6,8.1,0.0,
2019-12-11,2.5,11.9,7.2,0.0,
2019-12-12,-2.4,5.3,1.2,0.0,
2019-12-13,-5.2,6.2,0.4,0.0,
2019-12-14,0.2,8.4,3.1,0.9,
2019-12-15,-2.2,12.0,4.9,0.0,
2019-12-16,1.6,14.8,7.7,0.0,
2019-12-17,5.2,10.3,6.9,2.2,
2019-12-18,-0.5,6.0,2.4,0.0,
2019-12-19,-3.7,5.2,0.3,0.0,
2019-12-20,-3.1,5.1,-0.3,0.1,
2019-12-21,-5.4,4.6,-0.5,0.0,
2019-12-22,-1.3,8.9,2.8,0.0,
2019-12-23,0.0,7.4,3.3,0.2,
2019-12-24,-2.7,5.3,0.0,0.0,
2019-12-25,-4.3,6.1,1.1,0.0,
2019-12-26,0.4,3.2,2.1,3.2,
2019-12-27,-3.1,4.2,-0.1,0.0,
2019-12-28,-5.3,7.2,0.3,0.0,
2019-12-29,-2.1,4.1,1.5,9.3,
2019-12-30,-1.1,9.3,3.7,0.9,
2019-12-31,-8.3,-1.1,-5.6,0.0,
2020-01-01,-8.6,4.0,-1.6,0.0,
2020-01-02,-3.1,4.4,0.7,0.0,
2020-01-03,-1.9,6.5,1.3,0.0,
2020-01-04,-4.6,7.4,0.2,0.0,
2020-01-05,-5.4,6.5,0.6,0.0,
2020-01-06,-0.6,4.7,2.4,11.8,
2020-01-07,4.6,14.3,8.2,63.3,
2020-01-08,2.1,10.8,3.9,2.8,
2020-01-09,-2.3,4.9,0.9,0.0,
2020-01-10,-4.3,5.7,-0.3,0.0,
2020-01-11,-4.0,6.1,0.5,0.0,
2020-01-12,-1.5,5.5,1.0,0.0,
2020-01-13,-3.3,3.2,-0.4,0.0,
2020-01-14,-3.9,4.0,-0.5,0.0,
2020-01-15,-5.6,2.9,-1.6,0.0,
2020-01-16,-5.7,4.6,-1.2,0.0,
2020-01-17,-4.0,4.7,-0.5,0.0,
2020-01-18,-5.5,7.1,0.2,0.0,
2020-01-19,-3.6,7.8,1.5,0.0,
2020-01-20,-1.2,7.2,2.2,0.0,
2020-01-21,-5.6,5.3,-0.3,0.0,
2020-01-22,-0.9,3.3,1.5,0.4,
2020-01-23,2.8,11.8,5.8,0.0,
2020-01-24,-0.5,9.8,4.0,0.0,
2020-01-25,0.1,10.2,4.6,0.0,
2020-01-26,0.7,11.0,6.1,0.0,
2020-01-27,2.9,7.9,5.5,3.0,
2020-01-28,2.8,10.4,6.4,0.0,
2020-01-29,4.4,10.1,6.5,0.0,
2020-01-30,2.5,10.4,5.6,0.0,
2020-01-31,-0.4,8.8,3.3,0.0,
2020-02-01,-4.3,7.2,1.5,0.0,
2020-02-02,-3.7,6.6,1.3,0.0,
2020-02-03,-2.7,5.2,0.8,0.0,
2020-02-04,-6.7,5.8,-0.4,0.9,
2020-02-05,-8.2,-0.7,-5.7,0.0,
2020-02-06,-10.9,-0.6,-5.6,0.0,
2020-02-07,-7.7,3.4,-1.9,0.0,
2020-02-08,-2.3,5.1,0.9,0.0,
2020-02-09,-7.3,5.7,-0.4,0.0,
2020-02-10,-1.7,11.8,4.3,0.0,
2020-02-11,-2.5,14.7,6.4,0.0,
2020-02-12,3.7,8.8,6.5,12.8,
2020-02-13,4.2,9.8,7.4,0.0,
2020-02-14,2.7,12.5,6.4,0.0,
2020-02-15,2.6,15.4,9.3,1.4,
2020-02-16,-2.8,7.0,-0.1,8.7,
2020-02-17,-6.2,-1.1,-3.9,1.5,
2020-02-18,-7.7,4.1,-2.4,0.2,
2020-02-19,-4.5,7.8,1.2,0.0,
2020-02-20,-1.5,11.7,4.9,0.0,
2020-02-21,0.1,13.8,6.6,1.9,
2020-02-22,1.2,9.7,5.6,1.9,
2020-02-23,-2.0,9.3,3.1,0.0,
2020-02-24,-2.6,15.3,6.5,0.2,
2020-02-25,5.1,8.3,6.3,54.5,
2020-02-26,3.1,13.8,7.1,0.0,
2020-02-27,0.3,11.1,5.6,0.0,
2020-02-28,2.9,6.1,4.6,5.7,
2020-02-29,4.2,13.1,7.3,0.0,
2020-03-01,2.0,10.5,5.6,0.0,
2020-03-02,1.5,9.6,4.5,0.0,
2020-03-03,-0.6,13.8,6.2,0.0,
2020-03-04,-0.6,7.9,2.9,0.0,
2020-03-05,-1.8,9.0,2.1,0.0,
2020-03-06,-4.4,11.3,3.5,0.0,
2020-03-07,1.6,10.1,5.5,0.0,
2020-03-08,-0.7,17.3,8.0,0.0,
2020-03-09,2.5,16.0,9.4,1.1,
2020-03-10,3.2,8.8,6.2,6.3,
2020-03-11,0.8,9.1,4.7,0.0,
2020-03-12,-2.0,15.0,6.3,0.0,
2020-03-13,1.1,11.3,5.6,0.0,
2020-03-14,-2.5,10.9,4.7,0.0,
2020-03-15,1.1,11.9,4.8,0.0,
2020-03-16,-1.8,10.6,4.2,0.0,
2020-03-17,0.7,12.1,6.5,0.0,
2020-03-18,2.3,18.0,10.5,0.0,
2020-03-19,5.8,14.2,10.2,0.0,
2020-03-20,2.9,16.3,9.1,0.0,
2020-03-21,4.5,21.9,13.2,0.0,
2020-03-22,7.2,19.0,12.2,0.0,
2020-03-23,2.2,18.4,10.2,0.0,
2020-03-24,0.3,18.7,10.3,0.0,
2020-03-25,4.0,21.2,12.7,0.0,
2020-03-26,8.1,18.9,13.3,0.2,
2020-03-27,4.9,14.1,10.9,15.0,
2020-03-28,4.2,11.7,7.3,0.0,
2020-03-29,-0.3,16.1,8.2,0.0,
2020-03-30,4.1,18.0,10.9,0.0,
2020-03-31,3.1,20.3,11.5,0.0,
2020-04-01,4.9,19.0,10.6,0.0,
2020-04-02,2.0,17.4,9.3,0.0,
2020-04-03,1.9,18.2,9.7,0.0,
2020-04-04,4.6,15.4,8.5,0.0,
2020-04-05,1.5,15.4,7.7,0.0,
2020-04-06,-0.8,18.1,9.0,0.0,
2020-04-07,3.3,19.5,10.8,0.0,
2020-04-08,2.4,14.5,9.1,0.0,
2020-04-09,1.6,15.7,8.9,0.0,
2020-04-10,4.6,16.8,10.2,0.0,
2020-04-11,3.0,14.1,8.3,0.0,
2020-04-12,1.6,16.2,8.1,0.8,0.8
2020-04-13,4.4,17.1,10.7,0.0,
2020-04-14,3.2,21.5,12.3,0.0,
2020-04-15,3.8,21.3,12.5,0.0,
2020-04-16,5.9,23.3,15.7,0.0,
2020-04-17,9.2,19.8,13.0,5.1,3.2
2020-04-18,9.0,20.3,13.3,0.2,0.1
2020-04-19,8.4,14.1,11.1,11.5,3.4
2020-04-20,7.0,16.5,10.8,0.0,
2020-04-21,4.2,13.2,7.9,0.0,
2020-04-22,3.5,10.6,6.4,0.0,
2020-04-23,2.2,14.3,8.2,0.0,
2020-04-24,1.9,15.8,9.7,0.0,
2020-04-25,8.6,22.2,14.5,0.0,
2020-04-26,4.5,18.4,12.0,0.0,
2020-04-27,4.5,17.5,11.4,0.0,
2020-04-28,3.8,20.9,12.7,0.0,
2020-04-29,7.4,23.4,15.2,0.0,
2020-04-30,6.7,25.9,17.0,0.0,
2020-05-01,16.1,28.3,21.8,0.0,
2020-05-02,18.9,26.5,22.0,0.0,
2020-05-03,16.2,22.7,18.9,4.6,1.5
2020-05-04,11.2,27.0,19.3,0.0,
2020-05-05,9.3,21.2,14.2,1.9,1.0
2020-05-06,12.0,27.8,18.9,0.0,
2020-05-07,13.3,25.0,19.6,0.0,
2020-05-08,12.0,25.4,18.0,7.3,3.7
2020-05-09,13.0,17.8,15.2,18.7,4.0
2020-05-10,12.7,17.7,14.3,0.7,0.3
2020-05-11,13.2,24.5,17.9,0.1,0.1
2020-05-12,10.9,21.0,15.5,0.0,0.0
2020-05-13,7.5,22.8,15.8,0.0,
2020-05-14,10.9,27.0,19.4,0.0,
2020-05-15,14.0,20.3,16.0,30.3,8.8
2020-05-16,15.3,20.0,16.9,0.4,0.3
2020-05-17,15.1,27.6,20.4,0.0,
2020-05-18,13.0,27.1,19.0,15.6,12.8
2020-05-19,11.2,16.5,13.3,5.0,2.3
2020-05-20,8.0,20.6,14.7,0.0,
2020-05-21,9.6,23.2,16.9,0.0,
2020-05-22,14.3,24.4,19.1,0.0,
2020-05-23,14.5,26.1,20.2,0.0,
2020-05-24,15.2,24.2,19.1,7.0,6.1
2020-05-25,13.8,21.6,17.1,0.0,
2020-05-26,13.8,24.7,18.5,0.0,0.0
2020-05-27,12.6,25.0,18.5,0.0,
2020-05-28,11.2,24.4,18.2,0.0,
2020-05-29,13.9,27.2,20.5,0.0,
2020-05-30,15.1,29.1,22.2,0.0,
2020-05-31,16.1,26.7,21.4,0.0,
2020-06-01,15.4,25.7,20.3,0.7,0.4
2020-06-02,13.5,23.5,18.6,0.0,0.0
2020-06-03,17.7,28.1,22.2,0.6,0.4
2020-06-04,20.9,30.0,24.3,0.0,
2020-06-05,20.6,29.9,24.1,0.0,
2020-06-06,18.6,31.1,23.7,34.0,34.0
2020-06-07,18.9,28.6,22.8,0.0,
2020-06-08,17.2,31.5,24.8,0.0,
2020-06-09,18.0,33.2,26.0,0.0,
2020-06-10,20.0,32.8,24.6,66.2,27.1
2020-06-11,20.5,30.8,24.9,11.8,10.8
2020-06-12,20.5,26.4,23.5,3.1,1.0
2020-06-13,21.2,30.4,24.2,5.7,3.0
2020-06-14,20.1,28.2,23.8,0.5,0.4
2020-06-15,17.1,28.5,22.4,0.0,
2020-06-16,18.2,28.7,23.2,0.0,
2020-06-17,19.0,27.7,22.4,0.0,
2020-06-18,18.8,23.1,20.7,0.2,0.2
2020-06-19,17.9,28.9,23.1,1.9,1.0
2020-06-20,18.7,29.2,23.3,0.0,0.0
2020-06-21,19.2,31.6,24.9,0.0,
2020-06-22,19.5,33.4,26.4,0.0,
2020-06-23,20.2,31.0,25.7,0.0,
2020-06-24,20.4,25.6,22.4,4.2,1.2
2020-06-25,19.9,23.1,21.3,3.4,2.0
2020-06-26,19.2,27.6,22.6,0.2,0.2
2020-06-27,19.1,29.1,23.8,0.0,
2020-06-28,18.4,29.7,23.7,0.0,
2020-06-29,19.9,27.1,22.0,48.2,11.2
2020-06-30,18.3,20.8,19.8,33.5,11.2
2020-07-01,17.1,25.4,20.8,0.5,0.4
2020-07-02,17.6,28.2,23.2,0.0,
2020-07-03,19.3,24.3,21.9,0.5,0.3
2020-07-04,18.8,26.6,21.4,0.0,
2020-07-05,19.4,26.8,22.5,0.0,
2020-07-06,19.4,29.4,24.1,0.0,0.0
2020-07-07,21.5,28.9,24.1,0.0,0.0
2020-07-08,18.6,29.9,24.2,0.0,
2020-07-09,19.7,30.6,25.7,0.0,
2020-07-10,21.6,28.9,25.1,7.8,3.5
2020-07-11,21.9,29.8,25.4,0.0,
2020-07-12,19.1,25.3,22.1,31.6,8.3
2020-07-13,17.5,19.6,18.6,120.4,18.7
2020-07-14,18.1,20.8,19.2,13.6,1.9
2020-07-15,18.3,25.3,20.9,3.5,1.2
2020-07-16,18.9,28.6,22.8,0.0,
2020-07-17,18.3,30.5,24.1,0.0,
2020-07-18,20.7,28.8,24.6,0.0,
2020-07-19,20.0,28.2,24.7,12.7,8.6
2020-07-20,21.7,29.2,24.1,14.4,9.8
2020-07-21,21.1,29.8,24.8,0.0,
2020-07-22,20.9,24.9,22.9,22.8,9.6
2020-07-23,20.6,22.7,21.5,51.3,10.5
2020-07-24,19.4,23.5,21.2,22.8,6.1
2020-07-25,20.6,26.2,22.5,10.6,9.4
2020-07-26,21.2,28.1,23.6,0.0,
2020-07-27,21.6,27.3,23.7,15.0,6.6
2020-07-28,21.4,26.6,23.9,1.3,0.6
2020-07-29,22.9,26.5,24.6,26.6,8.5
2020-07-30,23.8,27.5,25.2,76.7,44.7
2020-07-31,23.6,30.4,25.9,4.3,3.3
2020-08-01,23.0,30.5,25.2,30.0,17.4
2020-08-02,23.1,29.8,26.9,29.3,23.4
2020-08-03,23.2,29.1,26.2,14.6,6.8
2020-08-04,24.9,31.4,27.2,16.7,16.2
2020-08-05,24.7,30.0,26.0,22.0,15.1
2020-08-06,22.7,27.4,25.0,27.0,12.3
2020-08-07,22.2,24.0,23.0,22.8,6.0
2020-08-08,22.4,25.5,23.7,36.5,7.0
2020-08-09,24.0,28.9,26.5,24.1,12.4
2020-08-10,24.8,29.3,26.2,27.6,13.5
2020-08-11,23.8,27.1,25.1,69.2,24.9
2020-08-12,24.1,30.2,26.7,26.2,23.4
2020-08-13,24.8,32.0,28.2,0.0,
2020-08-14,26.4,31.5,28.2,0.0,
2020-08-15,25.5,32.3,28.3,0.0,
2020-08-16,23.9,32.3,27.6,0.0,
2020-08-17,24.0,33.1,27.8,0.0,
2020-08-18,23.4,33.2,27.6,0.0,
2020-08-19,23.4,33.2,27.5,0.0,
2020-08-20,23.2,33.3,27.9,0.0,
2020-08-21,23.0,33.5,27.8,0.0,
2020-08-22,23.2,30.5,25.6,0.8,0.8
2020-08-23,22.4,31.4,26.0,0.0,
2020-08-24,22.3,32.7,27.4,0.0,
2020-08-25,24.0,34.8,29.1,0.0,
2020-08-26,25.8,33.4,28.9,1.5,0.9
2020-08-27,25.6,31.5,27.8,20.0,14.2
2020-08-28,24.2,33.5,27.8,71.3,59.0
2020-08-29,24.1,31.4,26.2,28.3,20.7
2020-08-30,24.6,32.6,27.0,33.1,26.9
2020-08-31,24.3,30.9,26.7,0.1,0.1
2020-09-01,22.7,30.9,26.6,0.0,
2020-09-02,22.8,26.0,24.2,28.9,5.8
2020-09-03,20.6,26.6,22.9,50.0,18.9
2020-09-04,20.2,28.4,23.4,0.0,
2020-09-05,19.5,24.9,21.9,0.0,
2020-09-06,18.1,24.9,20.7,16.3,5.6
2020-09-07,16.3,21.8,19.1,45.2,10.8
2020-09-08,20.4,27.7,23.4,0.0,
2020-09-09,18.2,25.2,21.3,7.1,3.4
2020-09-10,18.3,27.7,22.1,0.0,
2020-09-11,18.4,25.2,21.4,3.6,2.6
2020-09-12,17.3,20.1,19.0,9.9,4.5
2020-09-13,17.8,26.6,21.0,0.0,
2020-09-14,15.2,27.6,20.9,0.0,
2020-09-15,17.6,28.4,21.7,0.0,
2020-09-16,19.4,22.5,20.6,3.0,1.1
2020-09-17,17.7,23.4,20.7,7.3,3.9
2020-09-18,15.9,25.2,19.9,0.0,
2020-09-19,14.7,26.1,19.0,0.0,0.0
2020-09-20,12.8,24.8,17.8,0.0,
2020-09-21,12.2,24.1,17.4,0.0,
2020-09-22,14.5,23.8,19.1,0.0,
2020-09-23,13.5,23.1,18.5,0.0,
2020-09-24,15.3,25.9,20.2,0.0,
2020-09-25,14.3,26.0,20.0,0.0,
2020-09-26,15.2,24.7,19.4,0.0,
2020-09-27,13.8,25.2,19.0,0.0,
2020-09-28,13.5,25.1,18.2,0.0,
2020-09-29,12.7,24.2,18.2,0.0,
2020-09-30,13.9,25.0,18.6,0.0,
2020-10-01,15.4,24.3,19.2,0.0,
2020-10-02,15.3,24.6,19.5,0.0,
2020-10-03,17.1,22.7,18.9,5.9,1.7
2020-10-04,12.1,20.8,17.2,0.3,0.2
2020-10-05,6.1,19.5,13.1,0.0,
2020-10-06,8.0,19.5,13.3,0.0,
2020-10-07,9.8,22.3,15.8,0.0,
2020-10-08,12.4,22.2,17.2,0.0,
2020-10-09,10.8,22.7,17.2,0.0,
2020-10-10,10.8,22.4,16.7,0.0,
2020-10-11,11.9,21.0,16.2,0.0,
2020-10-12,11.8,22.5,16.0,0.2,0.2
2020-10-13,7.4,17.8,11.7,0.0,
2020-10-14,7.4,19.4,11.6,0.0,
2020-10-15,5.1,18.0,10.8,0.0,
2020-10-16,6.3,15.7,10.8,0.0,
2020-10-17,7.4,19.5,12.1,0.0,
2020-10-18,4.7,19.4,11.4,0.0,
2020-10-19,6.9,21.6,12.7,0.0,
2020-10-20,7.6,21.1,12.9,0.0,
2020-10-21,9.3,16.3,12.9,0.0,
2020-10-22,9.5,18.1,12.7,0.0,
2020-10-23,6.3,14.6,9.5,0.0,
2020-10-24,1.8,13.4,8.0,0.0,
2020-10-25,3.0,19.4,10.6,0.0,
2020-10-26,5.0,18.8,11.3,0.0,
2020-10-27,5.7,20.4,12.3,0.0,
2020-10-28,8.6,20.2,13.0,0.0,
2020-10-29,2.8,16.5,9.1,0.0,
2020-10-30,3.0,18.6,10.2,0.0,
2020-10-31,6.3,19.7,12.7,0.0,
2020-11-01,11.0,12.8,11.9,5.1,
2020-11-02,4.0,16.6,10.7,0.0,
2020-11-03,1.5,8.9,5.9,0.1,
2020-11-04,-2.1,10.7,4.0,0.0,
2020-11-05,-0.7,15.1,7.5,0.0,
2020-11-06,8.1,14.0,11.2,0.3,
2020-11-07,7.7,19.5,13.2,0.0,
2020-11-08,4.7,14.9,8.9,0.0,
2020-11-09,-1.0,11.5,6.5,0.0,
2020-11-10,2.6,13.1,7.6,0.0,
2020-11-11,1.1,16.1,7.9,0.0,
2020-11-12,1.7,18.5,9.2,0.0,
2020-11-13,3.6,16.8,9.7,0.0,
2020-11-14,4.3,18.7,10.2,0.0,
2020-11-15,4.8,18.6,11.0,0.0,
2020-11-16,5.6,17.5,10.9,0.0,
2020-11-17,10.3,19.4,15.0,2.9,
2020-11-18,12.6,18.6,15.8,3.3,
2020-11-19,10.0,22.0,15.8,32.1,
2020-11-20,3.9,10.0,5.8,0.0,
2020-11-21,0.6,14.4,7.8,0.0,
2020-11-22,4.3,9.6,7.1,6.3,
2020-11-23,-0.2,7.5,3.3,0.0,
2020-11-24,-0.1,9.4,4.1,0.0,
2020-11-25,-0.8,11.2,4.7,0.0,
2020-11-26,2.1,11.6,6.2,0.0,
2020-11-27,2.8,8.8,4.8,0.0,
2020-11-28,0.7,5.0,2.3,0.0,
2020-11-29,-0.8,4.2,1.5,0.0,
2020-11-30,-3.2,6.1,0.9,0.0,
2020-12-01,-3.7,7.4,1.0,0.0,
2020-12-02,0.0,8.5,3.2,0.0,
2020-12-03,-2.6,6.0,1.5,0.0,
2020-12-04,-5.4,5.5,-0.3,0.0,
2020-12-05,-3.7,5.0,0.0,0.0,
2020-12-06,-2.1,9.1,2.7,0.0,
2020-12-07,-0.6,7.3,3.1,0.0,
2020-12-08,-3.1,5.7,0.4,0.0,
2020-12-09,-5.8,6.5,0.8,0.0,
2020-12-10,1.8,10.1,5.2,0.0,
2020-12-11,2.0,10.6,5.9,0.0,
2020-12-12,-1.9,7.8,3.7,0.0,
2020-12-13,-3.0,5.1,-0.1,0.7,
2020-12-14,-7.1,-2.8,-5.3,0.0,
2020-12-15,-9.8,-2.2,-6.2,0.0,
2020-12-16,-9.0,-1.7,-6.0,0.0,
2020-12-17,-9.5,1.3,-4.2,0.0,
2020-12-18,-3.9,3.3,-1.0,0.3,
2020-12-19,-7.3,0.0,-3.9,0.0,
2020-12-20,-7.3,2.7,-3.0,0.0,
2020-12-21,-6.4,4.7,-0.6,0.0,
2020-12-22,-3.5,7.3,1.3,0.0,
2020-12-23,-3.1,8.2,3.0,0.0,
2020-12-24,-0.4,9.0,3.7,0.0,
2020-12-25,-3.2,4.9,0.3,0.3,
2020-12-26,-4.4,6.6,1.2,0.0,
2020-12-27,-2.0,8.5,2.9,0.0,
2020-12-28,-0.6,12.2,5.1,0.0,
2020-12-29,-3.4,5.1,0.4,1.8,
2020-12-30,-11.1,-3.4,-8.5,0.4,
2020-12-31,-13.8,-2.7,-8.6,0.0,
2021-01-01,-10.8,-2.2,-5.5,1.1,
2021-01-02,-7.8,-0.2,-4.5,0.0,
2021-01-03,-9.2,-1.0,-4.6,0.0,
2021-01-04,-9.0,1.3,-3.4,0.0,
2021-01-05,-8.6,-0.8,-3.7,0.0,
2021-01-06,-11.2,-2.8,-6.3,2.4,
2021-01-07,-15.4,-4.2,-12.0,1.0,
2021-01-08,-17.9,-9.9,-14.3,0.0,
2021-01-09,-19.1,-7.7,-12.5,0.0,
2021-01-10,-15.6,-3.3,-9.0,0.0,
2021-01-11,-10.6,-3.5,-6.9,0.0,
2021-01-12,-7.6,2.7,-2.4,0.7,
2021-01-13,-5.0,9.3,2.6,0.0,
2021-01-14,-2.9,8.8,2.7,0.0,
2021-01-15,-0.3,12.4,5.3,0.0,
2021-01-16,-5.4,2.0,-2.0,0.0,
2021-01-17,-8.4,0.7,-3.7,0.0,
2021-01-18,-5.3,3.6,-2.4,2.1,
2021-01-19,-10.5,-0.7,-5.6,0.0,
2021-01-20,-8.8,6.9,-1.3,0.0,
2021-01-21,-0.9,8.6,3.8,6.8,
2021-01-22,4.1,8.3,6.1,2.2,
2021-01-23,4.7,11.9,8.1,0.0,
2021-01-24,2.3,12.6,7.4,0.0,
2021-01-25,2.3,13.4,7.8,0.0,
2021-01-26,3.5,7.1,5.2,3.5,
2021-01-27,-0.5,6.8,2.5,0.0,
2021-01-28,-7.1,4.5,-2.4,2.2,
2021-01-29,-9.5,-3.0,-6.7,0.0,
2021-01-30,-8.7,8.4,-0.3,0.0,
2021-01-31,-4.8,11.4,3.8,0.0,
2021-02-01,1.5,10.9,6.2,7.5,
2021-02-02,-5.3,1.7,-3.4,0.0,
2021-02-03,-9.7,2.9,-2.4,0.8,
2021-02-04,-5.0,1.6,-1.5,2.0,
2021-02-05,-6.5,7.1,0.3,0.0,
2021-02-06,-1.3,10.3,5.5,0.0,
2021-02-07,-1.0,10.6,4.9,0.0,
2021-02-08,-4.4,0.6,-2.2,0.0,
2021-02-09,-8.1,5.7,-0.9,0.0,
2021-02-10,-4.6,8.8,1.8,0.0,
2021-02-11,-0.7,10.8,4.7,0.0,
2021-02-12,-0.1,14.4,6.4,0.0,
2021-02-13,-0.6,15.7,7.0,0.0,
2021-02-14,3.9,14.0,8.5,0.6,
2021-02-15,-2.5,8.5,2.3,0.5,
2021-02-16,-6.5,2.3,-3.7,2.7,
2021-02-17,-8.8,-5.3,-7.1,0.1,
2021-02-18,-9.3,-0.3,-4.8,0.2,
2021-02-19,-7.4,8.9,1.8,0.0,
2021-02-20,6.0,16.8,10.7,0.0,
2021-02-21,4.8,22.0,14.0,0.0,
2021-02-22,1.0,18.6,10.4,0.0,
2021-02-23,-2.8,7.3,1.2,0.0,
2021-02-24,-2.3,10.4,3.4,0.0,
2021-02-25,-0.5,7.7,4.2,0.0,
2021-02-26,2.4,14.8,8.4,0.0,
2021-02-27,3.7,11.9,7.9,0.0,
2021-02-28,1.3,12.9,7.1,0.0,
2021-03-01,1.6,11.3,7.5,63.3,
2021-03-02,0.0,6.9,2.6,0.0,
2021-03-03,-2.3,9.8,3.7,0.0,
2021-03-04,1.2,9.5,5.1,2.3,
2021-03-05,0.9,16.5,7.6,0.0,
2021-03-06,3.4,14.1,6.6,0.0,
2021-03-07,3.7,11.3,6.1,0.0,
2021-03-08,0.9,13.6,6.6,0.0,
2021-03-09,0.1,13.4,6.4,0.0,
2021-03-10,-0.4,17.0,8.6,0.0,
2021-03-11,2.1,17.8,9.9,0.0,
2021-03-12,6.8,9.8,8.2,6.4,
2021-03-13,2.8,15.0,8.4,0.0,
2021-03-14,2.3,14.6,8.4,0.0,
2021-03-15,3.1,16.9,11.0,0.0,
2021-03-16,3.4,15.5,10.0,0.2,
2021-03-17,0.1,18.2,8.3,0.0,
2021-03-18,3.1,19.5,11.5,0.0,
2021-03-19,9.6,17.8,13.2,0.0,
2021-03-20,6.2,11.9,8.2,5.4,
2021-03-21,3.8,10.0,5.8,0.0,
2021-03-22,0.8,12.3,6.1,0.0,
2021-03-23,0.8,17.0,8.8,0.0,
2021-03-24,2.8,18.2,10.5,0.0,
2021-03-25,4.3,21.1,12.2,0.0,
2021-03-26,4.0,21.7,13.0,0.0,
2021-03-27,8.6,14.8,12.0,20.0,
2021-03-28,8.6,14.5,9.6,2.2,
2021-03-29,7.7,17.0,11.7,0.0,
2021-03-30,5.0,18.8,11.7,0.0,
2021-03-31,3.8,23.3,13.7,0.0,
2021-04-01,11.2,20.7,15.6,0.0,
2021-04-02,12.0,22.3,17.1,0.0,
2021-04-03,14.3,17.7,15.8,27.3,4.3
2021-04-04,9.2,14.3,11.2,5.9,1.9
2021-04-05,4.2,17.5,11.2,0.0,
2021-04-06,5.5,19.8,12.7,0.0,
2021-04-07,5.0,21.9,13.4,0.0,
2021-04-08,5.2,19.1,12.4,0.0,
2021-04-09,4.2,18.9,11.7,0.0,
2021-04-10,6.5,19.9,12.1,0.0,
2021-04-11,5.7,22.5,14.6,0.0,
2021-04-12,11.9,16.1,13.2,18.2,3.8
2021-04-13,3.9,16.2,10.2,1.1,0.5
2021-04-14,1.3,15.9,9.0,0.0,
2021-04-15,0.7,18.3,10.4,0.0,
2021-04-16,7.4,15.2,10.9,0.3,0.3
2021-04-17,6.2,16.3,9.5,0.0,
2021-04-18,5.9,16.5,10.3,0.0,
2021-04-19,3.1,21.6,12.1,0.0,
2021-04-20,5.7,24.3,14.6,0.0,
2021-04-21,8.9,28.7,18.5,0.0,
2021-04-22,14.0,29.8,21.3,0.0,
2021-04-23,15.4,21.8,18.8,0.0,0.0
2021-04-24,13.3,24.0,17.5,0.0,
2021-04-25,8.7,24.2,17.2,0.0,
2021-04-26,9.9,22.6,16.2,0.0,
2021-04-27,10.6,21.3,15.5,0.0,
2021-04-28,12.3,19.7,15.7,0.2,0.2
2021-04-29,10.5,19.7,14.7,2.3,2.0
2021-04-30,8.8,17.0,12.1,0.7,0.6
2021-05-01,8.0,14.0,10.0,0.8,0.3
2021-05-02,7.2,18.7,12.1,4.7,2.3
2021-05-03,5.3,22.6,13.9,0.0,
2021-05-04,11.0,22.2,16.4,6.0,2.3
2021-05-05,8.1,19.9,14.0,0.6,0.6
2021-05-06,5.7,23.0,15.0,0.0,
2021-05-07,8.9,20.1,14.3,1.9,1.9
2021-05-08,7.1,22.7,14.9,0.0,
2021-05-09,7.1,22.9,15.7,0.0,
2021-05-10,9.7,13.4,11.5,14.8,4.7
2021-05-11,11.6,20.7,15.9,1.5,0.6
2021-05-12,13.9,25.3,19.6,0.0,
2021-05-13,13.7,28.9,21.2,0.0,
2021-05-14,14.9,30.5,22.7,0.0,
2021-05-15,18.4,26.6,21.5,2.0,1.7
2021-05-16,17.7,22.2,20.8,30.9,6.7
2021-05-17,14.5,17.7,15.6,4.9,2.3
2021-05-18,14.5,24.2,18.2,0.0,
2021-05-19,13.7,27.9,19.8,0.0,
2021-05-20,15.0,19.0,16.2,15.8,2.0
2021-05-21,12.9,16.5,14.7,0.5,0.4
2021-05-22,11.7,25.3,18.0,0.0,
2021-05-23,12.6,25.8,19.5,0.0,
2021-05-24,15.3,24.8,19.4,0.0,
2021-05-25,11.4,20.6,15.5,1.8,1.3
2021-05-26,11.1,22.9,16.6,0.0,
2021-05-27,12.8,20.6,16.4,2.7,2.2
2021-05-28,11.2,18.9,14.4,38.5,29.0
2021-05-29,11.9,23.8,17.8,0.0,
2021-05-30,11.5,27.3,19.3,6.6,3.7
2021-05-31,15.4,25.6,19.1,7.9,3.8
2021-06-01,16.2,27.2,21.3,0.0,
2021-06-02,17.1,30.0,23.4,0.0,
2021-06-03,15.3,20.3,17.8,25.5,4.1
2021-06-04,12.3,24.4,18.1,0.4,0.4
2021-06-05,15.9,26.1,20.9,0.0,
2021-06-06,18.0,27.3,22.2,0.5,0.5
2021-06-07,15.7,28.3,21.7,0.0,
2021-06-08,17.3,30.3,23.5,0.0,
2021-06-09,19.0,32.2,25.7,0.0,
2021-06-10,19.8,30.3,24.6,1.9,1.3
2021-06-11,19.2,27.7,22.6,13.7,5.4
2021-06-12,18.6,30.2,23.8,0.0,
2021-06-13,20.2,30.4,23.7,0.0,
2021-06-14,19.2,29.5,23.9,0.0,
2021-06-15,21.2,24.2,22.2,1.1,0.9
2021-06-16,20.8,27.1,23.6,0.0,
2021-06-17,19.4,24.2,21.2,0.0,0.0
2021-06-18,18.8,23.5,20.6,2.6,1.4
2021-06-19,18.0,28.6,22.2,0.0,
2021-06-20,16.7,29.7,23.2,0.0,
2021-06-21,18.7,29.3,23.7,0.0,
2021-06-22,17.1,27.7,22.7,0.0,
2021-06-23,18.4,23.5,20.3,3.6,1.8
2021-06-24,17.8,27.2,22.0,0.0,
2021-06-25,17.6,29.6,23.3,4.9,4.9
2021-06-26,19.2,26.5,22.4,10.5,4.6
2021-06-27,18.7,30.4,24.4,0.0,
2021-06-28,21.3,28.9,24.6,0.0,0.0
2021-06-29,19.7,29.4,23.2,3.1,2.7
2021-06-30,20.0,29.7,24.1,0.0,
2021-07-01,20.5,31.5,25.9,0.0,
2021-07-02,22.0,31.6,26.5,0.0,
2021-07-03,20.8,26.5,23.0,60.3,24.8
2021-07-04,20.9,24.0,22.5,7.3,4.6
2021-07-05,19.9,26.2,22.1,3.2,2.5
2021-07-06,20.7,26.3,23.4,9.1,3.7
2021-07-07,22.8,28.2,25.2,27.5,14.7
2021-07-08,22.0,31.1,25.4,27.1,9.6
2021-07-09,22.3,29.8,25.1,10.1,7.5
2021-07-10,22.5,30.3,26.3,0.0,
2021-07-11,23.4,30.0,25.7,0.3,0.3
2021-07-12,22.9,33.5,27.3,0.0,
2021-07-13,24.3,32.8,28.3,0.0,
2021-07-14,24.1,32.5,28.2,0.0,
2021-07-15,24.3,34.5,28.4,0.0,
2021-07-16,22.9,33.6,27.1,0.0,0.0
2021-07-17,22.2,32.0,26.5,0.0,
2021-07-18,22.8,32.5,26.2,18.8,10.9
2021-07-19,22.7,32.2,26.1,3.6,3.6
2021-07-20,23.5,30.5,26.9,0.0,
2021-07-21,23.1,34.3,28.9,0.0,
2021-07-22,23.5,33.2,28.5,0.0,
2021-07-23,24.0,34.3,29.0,0.0,
2021-07-24,25.0,34.5,29.4,0.0,
2021-07-25,24.8,32.4,28.9,0.0,
2021-07-26,24.0,34.0,29.1,0.0,
2021-07-27,23.2,34.5,29.3,0.0,
2021-07-28,25.2,34.8,29.3,0.0,
2021-07-29,24.1,34.1,28.8,0.0,
2021-07-30,24.6,34.4,29.2,0.0,
2021-07-31,24.9,33.8,28.4,13.4,10.4
2021-08-01,23.8,30.8,26.0,12.0,8.0
2021-08-02,24.0,28.4,25.4,11.5,5.1
2021-08-03,24.0,31.1,27.2,2.0,1.2
2021-08-04,24.0,32.8,28.3,0.0,
2021-08-05,24.3,34.2,29.0,0.0,0.0
2021-08-06,24.7,34.5,28.2,0.0,
2021-08-07,22.4,33.4,27.4,0.0,
2021-08-08,23.2,29.8,26.2,0.0,
2021-08-09,22.1,32.5,27.3,0.0,
2021-08-10,23.0,32.0,26.5,0.0,0.0
2021-08-11,22.1,32.7,26.6,0.0,
2021-08-12,22.5,32.2,26.0,0.0,
2021-08-13,22.2,29.0,25.8,0.0,
2021-08-14,22.0,28.8,25.3,2.3,2.3
2021-08-15,21.9,31.7,26.5,0.0,
2021-08-16,21.8,30.2,26.0,0.0,
2021-08-17,21.2,29.9,24.9,0.0,
2021-08-18,20.0,29.9,24.0,0.0,0.0
2021-08-19,20.4,29.4,24.2,0.0,0.0
2021-08-20,20.2,31.5,25.2,0.0,
2021-08-21,22.0,28.7,23.9,34.0,15.0
2021-08-22,21.9,29.1,24.7,0.0,0.0
2021-08-23,20.9,23.2,21.9,61.9,10.8
2021-08-24,21.1,27.6,23.9,25.1,12.2
2021-08-25,21.0,24.3,22.6,39.3,15.5
2021-08-26,21.4,28.7,24.7,0.0,
2021-08-27,19.6,24.3,21.4,12.9,4.4
2021-08-28,19.3,25.2,22.0,0.0,
2021-08-29,18.6,26.6,21.7,23.3,9.8
2021-08-30,19.6,24.9,22.2,0.4,0.3
2021-08-31,20.4,26.3,22.6,7.4,6.1
2021-09-01,21.2,25.0,23.1,63.6,41.2
2021-09-02,20.7,25.9,22.9,0.0,
2021-09-03,19.0,27.7,23.2,0.0,
2021-09-04,18.0,27.8,22.8,0.0,
2021-09-05,18.2,24.5,21.7,0.4,0.2
2021-09-06,18.0,23.5,20.5,42.5,13.1
2021-09-07,18.2,24.2,20.6,6.7,1.7
2021-09-08,18.6,26.9,21.8,0.0,
2021-09-09,16.9,28.0,21.6,0.0,
2021-09-10,19.0,28.0,22.5,0.0,
2021-09-11,18.5,29.4,22.9,0.0,
2021-09-12,18.8,28.8,22.8,0.0,
2021-09-13,20.8,27.9,23.7,0.0,
2021-09-14,19.3,25.7,22.4,0.0,
2021-09-15,17.9,28.3,22.9,0.0,
2021-09-16,17.0,26.4,22.3,0.0,
2021-09-17,17.9,22.7,19.9,7.6,4.2
2021-09-18,15.9,28.0,21.8,0.0,
2021-09-19,18.0,27.9,22.3,0.0,
2021-09-20,17.9,27.4,23.0,0.0,
2021-09-21,20.0,26.0,22.1,46.3,19.3
2021-09-22,17.1,27.2,21.4,5.0,4.4
2021-09-23,15.0,25.5,19.9,0.0,
2021-09-24,14.4,26.6,20.6,0.0,
2021-09-25,17.2,24.2,20.8,0.0,
2021-09-26,16.9,25.2,21.0,0.0,
2021-09-27,18.2,26.7,21.6,0.0,
2021-09-28,19.7,25.1,21.1,1.3,0.8
2021-09-29,19.2,23.1,21.0,11.2,4.7
2021-09-30,17.4,27.3,21.0,0.0,
2021-10-01,16.4,27.2,20.6,0.0,
2021-10-02,15.2,26.8,20.3,3.0,3.0
2021-10-03,15.9,29.8,21.6,0.0,
2021-10-04,17.6,28.7,22.5,0.0,
2021-10-05,19.0,28.6,22.9,0.0,
2021-10-06,18.4,27.3,22.0,0.0,
2021-10-07,18.0,22.2,19.6,4.0,3.3
2021-10-08,18.0,22.1,19.9,0.0,
2021-10-09,19.2,27.6,22.5,0.0,
2021-10-10,16.8,28.3,22.0,0.5,0.5
2021-10-11,12.2,18.0,15.3,13.4,4.8
2021-10-12,15.3,17.3,16.5,0.0,
2021-10-13,15.8,24.4,19.4,0.0,
2021-10-14,15.3,25.4,19.3,0.0,
2021-10-15,15.7,21.8,18.0,4.7,1.6
2021-10-16,4.9,17.2,11.4,5.3,2.8
2021-10-17,1.2,12.2,5.6,0.0,
2021-10-18,0.7,16.5,8.6,0.0,
2021-10-19,4.9,15.3,9.9,5.5,2.2
2021-10-20,1.3,15.4,8.4,0.0,
2021-10-21,3.8,15.8,8.8,0.0,
2021-10-22,1.0,16.7,9.1,0.0,
2021-10-23,3.9,18.6,10.1,0.0,
2021-10-24,4.1,17.7,10.1,0.0,
2021-10-25,5.1,17.6,10.2,0.0,
2021-10-26,4.8,19.1,10.9,0.0,
2021-10-27,6.4,19.2,12.1,0.0,
2021-10-28,3.9,19.0,10.9,0.0,
2021-10-29,7.3,19.2,13.2,0.0,
2021-10-30,8.9,17.6,12.0,0.0,
2021-10-31,6.9,19.8,12.3,0.0,
2021-11-01,7.8,18.6,12.5,0.0,
2021-11-02,7.3,17.0,10.9,0.0,
2021-11-03,4.3,17.5,10.5,0.0,
2021-11-04,7.7,19.0,12.4,0.1,
2021-11-05,7.3,18.6,11.7,0.0,
2021-11-06,7.1,20.1,13.3,0.0,
2021-11-07,7.9,20.9,15.0,0.0,
2021-11-08,5.2,15.5,9.6,21.4,
2021-11-09,4.9,11.9,6.8,3.6,
2021-11-10,2.6,7.8,5.2,3.2,
2021-11-11,2.7,10.1,6.0,0.2,
2021-11-12,2.3,8.4,5.1,0.0,
2021-11-13,0.3,13.6,6.6,0.0,
2021-11-14,3.7,17.3,10.1,0.0,
2021-11-15,2.7,16.7,9.3,0.0,
2021-11-16,2.9,15.6,7.9,0.0,
2021-11-17,1.5,14.6,7.6,0.0,
2021-11-18,2.8,16.4,9.7,0.0,
2021-11-19,6.9,17.5,11.7,0.0,
2021-11-20,7.5,16.6,10.9,0.0,
2021-11-21,6.1,15.0,10.2,0.0,
2021-11-22,1.0,12.3,4.3,3.5,
2021-11-23,-1.7,3.4,1.2,0.3,
2021-11-24,-1.5,12.2,5.1,0.0,
2021-11-25,2.2,14.2,7.3,0.0,
2021-11-26,-0.6,11.0,4.6,0.0,
2021-11-27,-0.7,9.8,3.5,0.0,
2021-11-28,-2.4,13.4,4.7,0.0,
2021-11-29,-1.1,12.8,6.0,0.0,
2021-11-30,2.8,9.7,6.0,28.6,
2021-12-01,-3.4,3.3,0.4,0.1,
2021-12-02,-4.3,6.6,2.0,0.7,
2021-12-03,0.6,8.0,3.6,1.8,
2021-12-04,-3.6,2.6,-0.3,0.0,
2021-12-05,-3.0,8.5,1.7,0.0,
2021-12-06,-1.4,11.7,4.4,0.0,
2021-12-07,0.3,12.1,5.5,0.0,
2021-12-08,-0.3,12.6,5.5,0.0,
2021-12-09,0.3,10.8,5.5,0.0,
2021-12-10,3.8,9.3,6.4,1.5,
2021-12-11,3.8,10.3,6.5,0.0,
2021-12-12,-2.8,7.6,3.1,0.0,
2021-12-13,-5.6,2.8,-2.1,0.0,
2021-12-14,-4.6,7.4,2.5,0.4,
2021-12-15,4.1,11.6,7.2,0.4,
2021-12-16,2.7,10.4,5.7,0.0,
2021-12-17,-9.0,5.9,-3.1,0.2,
2021-12-18,-11.7,1.1,-4.5,1.1,
2021-12-19,-2.7,5.0,0.9,0.7,
2021-12-20,-1.4,10.7,6.1,0.0,
2021-12-21,1.3,12.8,6.3,0.0,
2021-12-22,-2.4,9.3,2.4,0.0,
2021-12-23,-3.7,8.8,2.2,0.0,
2021-12-24,-3.5,6.6,0.8,0.0,
2021-12-25,-10.9,-3.5,-8.1,0.0,
2021-12-26,-14.0,-5.1,-9.9,0.0,
2021-12-27,-13.0,0.0,-5.3,0.2,
2021-12-28,-4.6,1.3,-2.0,0.0,
2021-12-29,-2.9,7.4,1.5,0.0,
2021-12-30,-4.3,2.2,-1.6,0.9,
2021-12-31,-8.6,-0.8,-5.1,0.0,
2022-01-01,-10.7,0.7,-5.1,0.0,
2022-01-02,-8.0,6.3,-1.4,0.0,
2022-01-03,-8.0,3.5,-2.1,0.0,
2022-01-04,-4.7,4.5,-0.4,0.0,
2022-01-05,-7.0,1.5,-2.6,0.0,
2022-01-06,-6.7,5.0,-1.2,0.0,
2022-01-07,-7.8,5.2,-2.0,0.0,
2022-01-08,-7.3,7.1,0.3,0.0,
2022-01-09,-2.0,6.3,1.8,0.0,
2022-01-10,-4.9,5.8,0.1,0.3,
2022-01-11,-7.4,-0.4,-4.5,0.1,
2022-01-12,-11.5,0.2,-5.8,0.0,
2022-01-13,-7.7,-1.0,-4.9,0.0,
2022-01-14,-10.7,2.4,-4.5,0.0,
2022-01-15,-6.6,5.5,-0.1,0.0,
2022-01-16,-5.1,2.9,-0.3,0.5,
2022-01-17,-8.0,1.9,-3.5,0.0,
2022-01-18,-10.1,1.6,-4.5,0.0,
2022-01-19,-9.5,2.1,-3.9,0.3,
2022-01-20,-10.7,2.1,-4.4,0.0,
2022-01-21,-9.4,5.2,-2.5,0.0,
2022-01-22,-3.5,8.8,2.5,0.0,
2022-01-23,-0.2,9.6,3.9,0.0,
2022-01-24,-2.1,8.7,3.8,0.0,
2022-01-25,-0.3,4.8,2.5,1.1,
2022-01-26,-1.5,6.7,2.0,0.0,
2022-01-27,-3.9,6.0,-0.2,0.0,
2022-01-28,-5.3,4.4,-1.2,0.0,
2022-01-29,-6.0,2.9,-2.5,0.0,
2022-01-30,-8.2,3.6,-2.7,0.0,
2022-01-31,-9.1,6.0,-1.1,0.4,
2022-02-01,-2.1,2.9,0.0,0.1,
2022-02-02,-3.5,2.7,-0.9,0.0,
2022-02-03,-5.9,2.7,-2.3,0.0,
2022-02-04,-6.4,1.7,-3.1,0.1,
2022-02-05,-8.9,-0.2,-4.9,0.0,
2022-02-06,-9.6,2.9,-3.1,0.0,
2022-02-07,-8.2,2.3,-2.2,0.0,
2022-02-08,-6.1,6.4,-0.5,0.0,
2022-02-09,-6.3,7.7,0.9,0.0,
2022-02-10,-1.8,8.2,2.2,0.0,
2022-02-11,-4.7,10.0,2.2,0.0,
2022-02-12,-1.9,11.2,4.1,0.0,
2022-02-13,-0.4,10.6,4.5,0.0,
2022-02-14,-2.2,11.3,3.5,0.4,
2022-02-15,-6.5,0.0,-3.1,0.0,
2022-02-16,-8.7,-2.1,-5.9,0.1,
2022-02-17,-10.4,-1.1,-5.8,0.0,
2022-02-18,-10.2,6.4,-1.5,0.0,
2022-02-19,-4.2,3.8,-0.3,0.0,
2022-02-20,-6.7,0.1,-3.9,0.0,
2022-02-21,-8.8,5.0,-1.6,0.0,
2022-02-22,-5.8,2.0,-2.9,0.0,
2022-02-23,-10.1,1.2,-4.7,0.0,
2022-02-24,-10.2,4.8,-2.3,0.0,
2022-02-25,-5.8,10.3,2.4,0.0,
2022-02-26,1.2,11.7,6.1,1.5,
2022-02-27,-1.3,11.4,4.3,0.0,
2022-02-28,-1.5,13.0,6.0,0.0,
2022-03-01,0.3,12.5,5.7,1.4,
2022-03-02,-4.4,10.3,2.5,0.0,
2022-03-03,-1.8,13.6,5.4,0.0,
2022-03-04,-0.8,16.4,8.0,0.0,
2022-03-05,-1.1,8.2,3.2,0.0,
2022-03-06,-3.5,8.5,1.8,0.0,
2022-03-07,-4.3,11.1,3.3,0.0,
2022-03-08,-2.6,13.5,5.3,0.0,
2022-03-09,-0.5,15.9,7.0,0.0,
2022-03-10,0.4,17.4,9.1,0.0,
2022-03-11,3.7,16.9,10.7,0.0,
2022-03-12,8.9,21.1,15.2,0.0,
2022-03-13,11.8,16.9,13.8,23.7,
2022-03-14,5.0,14.6,10.2,6.9,
2022-03-15,2.2,16.0,8.5,0.0,
2022-03-16,2.1,18.3,10.5,0.0,
2022-03-17,6.1,10.9,8.7,6.7,
2022-03-18,5.1,9.4,6.7,3.5,
2022-03-19,1.9,7.6,3.7,8.6,
2022-03-20,1.3,10.5,5.0,0.0,
2022-03-21,-1.3,11.7,5.0,0.0,
2022-03-22,1.0,12.8,7.0,0.0,
2022-03-23,1.6,8.7,5.0,0.0,
2022-03-24,0.0,15.3,8.2,0.0,
2022-03-25,5.1,18.7,11.9,11.2,
2022-03-26,7.0,14.6,11.0,15.1,
2022-03-27,2.5,14.6,7.6,0.0,
2022-03-28,-1.9,14.8,7.2,0.0,
2022-03-29,1.5,18.2,10.0,0.0,
2022-03-30,4.3,17.5,11.3,0.0,
2022-03-31,8.4,14.9,10.9,0.0,
2022-04-01,3.9,15.5,9.2,0.0,
2022-04-02,-0.5,15.2,7.4,0.0,
2022-04-03,0.1,17.2,8.7,0.0,
2022-04-04,1.5,19.0,10.0,0.0,
2022-04-05,0.3,18.2,9.6,0.0,
2022-04-06,4.0,20.3,11.7,0.0,
2022-04-07,5.2,18.3,10.7,0.8,0.8
2022-04-08,3.0,22.9,13.2,0.0,
2022-04-09,9.8,25.5,17.6,0.0,
2022-04-10,10.3,27.1,18.3,0.0,
2022-04-11,12.0,27.4,19.9,0.0,
2022-04-12,14.6,27.0,20.0,0.0,
2022-04-13,8.7,17.3,12.9,19.0,4.5
2022-04-14,8.4,14.2,10.3,1.8,0.5
2022-04-15,6.4,18.9,11.9,0.0,
2022-04-16,5.7,19.9,12.6,0.0,
2022-04-17,3.2,21.7,13.0,0.0,
2022-04-18,8.1,22.3,14.3,0.0,
2022-04-19,6.9,23.9,15.0,0.0,
2022-04-20,6.1,23.0,14.8,0.0,
2022-04-21,6.8,21.4,14.3,0.0,
2022-04-22,10.3,24.3,16.5,0.0,
2022-04-23,11.8,24.8,18.0,0.0,
2022-04-24,13.3,27.6,18.9,0.0,
2022-04-25,14.9,26.2,19.6,3.0,1.8
2022-04-26,15.4,24.2,18.5,17.0,5.1
2022-04-27,11.5,23.3,17.0,0.0,
2022-04-28,9.2,25.5,17.2,0.0,
2022-04-29,9.8,17.0,12.7,12.1,3.7
2022-04-30,9.0,18.1,12.9,0.0,
2022-05-01,5.7,19.6,12.8,0.0,
2022-05-02,6.8,19.9,13.0,0.0,
2022-05-03,4.3,20.7,13.4,0.0,
2022-05-04,7.0,25.4,16.5,0.0,
2022-05-05,8.4,25.9,18.0,0.0,
2022-05-06,11.3,26.7,19.0,0.0,
2022-05-07,12.1,23.2,16.9,0.0,
2022-05-08,11.0,23.0,16.5,0.7,0.8
2022-05-09,10.4,22.8,16.3,3.7,2.0
2022-05-10,10.8,25.5,18.1,0.0,
2022-05-11,13.2,24.6,18.7,0.0,
2022-05-12,13.7,27.5,19.9,0.0,
2022-05-13,14.9,21.3,17.6,0.0,
2022-05-14,8.7,21.2,14.9,0.0,
2022-05-15,7.9,20.9,14.5,0.0,
2022-05-16,6.6,23.8,15.7,0.0,
2022-05-17,10.2,26.9,19.2,0.0,
2022-05-18,13.4,26.9,20.8,0.0,
2022-05-19,16.0,24.3,19.7,0.0,
2022-05-20,13.0,27.1,19.6,0.0,
2022-05-21,13.5,26.8,19.6,0.0,
2022-05-22,14.0,28.0,20.2,0.0,
2022-05-23,15.4,29.8,21.8,0.0,
2022-05-24,13.7,30.0,21.9,0.0,
2022-05-25,14.3,28.4,21.0,0.0,
2022-05-26,12.2,25.1,18.5,5.0,4.9
2022-05-27,15.4,26.6,20.4,0.0,
2022-05-28,14.5,29.1,22.1,0.0,
2022-05-29,15.3,29.2,22.5,0.0,
2022-05-30,17.4,26.0,20.7,0.0,
2022-05-31,11.2,27.7,19.8,0.0,
2022-06-01,13.8,30.3,22.0,0.0,
2022-06-02,12.6,29.1,21.0,0.0,
2022-06-03,17.3,31.6,23.8,0.0,
2022-06-04,19.0,30.3,24.4,0.0,
2022-06-05,16.6,23.7,18.6,4.0,1.7
2022-06-06,16.1,23.0,18.9,1.1,0.4
2022-06-07,14.1,20.9,17.0,0.4,0.4
2022-06-08,14.5,26.0,19.9,0.0,
2022-06-09,17.2,27.2,21.1,0.0,0.0
2022-06-10,16.4,29.1,22.9,0.0,
2022-06-11,17.5,30.8,23.8,0.0,
2022-06-12,18.3,29.5,23.7,0.0,
2022-06-13,19.3,27.4,22.9,0.0,
2022-06-14,15.7,21.7,18.1,2.3,1.1
2022-06-15,14.9,25.4,19.0,20.3,8.9
2022-06-16,17.5,26.4,20.8,0.0,
2022-06-17,16.1,27.5,22.3,0.0,
2022-06-18,20.8,28.2,23.9,0.0,
2022-06-19,20.3,28.4,24.3,0.0,
2022-06-20,21.2,32.3,26.1,0.0,
2022-06-21,20.6,35.1,27.0,0.0,
2022-06-22,21.4,33.2,26.3,0.0,
2022-06-23,20.7,30.2,24.2,18.2,7.0
2022-06-24,22.3,28.2,24.0,9.4,4.9
2022-06-25,22.0,32.7,26.9,0.0,
2022-06-26,24.1,30.5,27.2,0.0,
2022-06-27,25.1,30.3,27.9,0.1,0.1
2022-06-28,27.3,31.3,29.1,0.0,
2022-06-29,24.1,29.2,26.2,49.9,17.7
2022-06-30,24.4,30.4,26.4,12.8,5.5
2022-07-01,23.0,33.1,28.0,0.0,
2022-07-02,23.0,34.0,28.7,0.0,
2022-07-03,22.3,34.3,27.6,51.7,50.3
2022-07-04,22.7,33.4,27.1,0.0,
2022-07-05,23.8,33.7,27.6,0.0,
2022-07-06,24.8,34.6,29.2,2.0,2.0
2022-07-07,25.7,33.0,28.3,9.5,7.9
2022-07-08,23.3,31.2,26.9,0.2,0.2
2022-07-09,21.9,29.8,25.7,0.0,
2022-07-10,22.9,33.9,27.5,2.4,2.1
2022-07-11,22.9,27.6,24.5,3.8,1.7
2022-07-12,23.4,29.9,26.6,0.0,
2022-07-13,23.9,26.5,24.9,17.7,8.6
2022-07-14,23.1,30.0,26.0,0.2,0.2
2022-07-15,21.3,30.4,25.4,0.0,
2022-07-16,21.1,30.5,25.5,0.0,
2022-07-17,20.6,30.1,25.4,0.0,
2022-07-18,21.1,24.7,22.3,76.8,27.5
2022-07-19,20.3,30.7,24.5,0.0,
2022-07-20,22.4,32.2,26.9,0.0,
2022-07-21,22.5,25.6,23.6,22.7,7.1
2022-07-22,21.6,29.8,24.9,0.0,
2022-07-23,21.1,28.1,24.2,22.9,17.4
2022-07-24,22.3,26.1,24.1,7.5,2.4
2022-07-25,23.4,31.6,26.7,0.0,
2022-07-26,22.2,33.4,27.7,0.0,
2022-07-27,24.7,30.9,27.5,0.0,
2022-07-28,23.4,33.0,27.0,4.4,4.4
2022-07-29,24.3,34.5,29.7,0.0,
2022-07-30,25.4,32.5,28.9,0.0,
2022-07-31,24.9,28.0,26.0,17.7,5.3
2022-08-01,24.8,32.4,27.4,4.7,1.1
2022-08-02,25.5,31.0,27.4,0.0,0.0
2022-08-03,25.6,32.8,28.6,0.4,0.4
2022-08-04,24.7,33.2,28.3,0.0,
2022-08-05,25.5,32.6,28.4,1.4,1.2
2022-08-06,25.5,33.4,28.8,0.0,
2022-08-07,26.0,32.8,29.0,0.0,
2022-08-08,26.1,29.5,27.9,7.3,7.3
2022-08-09,25.4,29.8,27.4,6.6,2.1
2022-08-10,23.0,27.5,24.7,139.3,32.9
2022-08-11,24.3,26.2,24.9,65.8,18.9
2022-08-12,23.4,32.0,26.8,0.0,0.0
2022-08-13,23.4,27.8,25.3,18.3,5.6
2022-08-14,24.4,31.0,26.7,8.6,6.0
2022-08-15,24.6,31.1,28.2,29.8,27.9
2022-08-16,23.7,29.7,25.8,0.7,0.7
2022-08-17,21.6,30.7,24.8,7.9,7.4
2022-08-18,19.1,30.4,24.4,0.0,
2022-08-19,20.7,29.7,26.0,0.0,
2022-08-20,24.5,31.5,27.2,41.0,37.4
2022-08-21,23.4,32.1,27.0,0.0,
2022-08-22,23.0,32.0,26.8,0.0,
2022-08-23,22.8,25.4,24.1,33.2,22.7
2022-08-24,21.0,25.9,23.0,0.4,0.3
2022-08-25,17.9,28.3,21.8,0.0,0.0
2022-08-26,15.9,27.9,22.1,0.0,
2022-08-27,16.4,25.3,20.9,0.0,
2022-08-28,14.7,27.8,21.2,0.0,
2022-08-29,16.8,21.5,19.5,5.1,1.8
2022-08-30,16.8,20.3,19.0,43.4,9.9
2022-08-31,19.3,23.6,20.9,7.1,2.2
2022-09-01,19.1,28.2,22.3,0.0,
2022-09-02,17.8,27.7,22.8,0.0,
2022-09-03,20.7,26.8,23.3,0.0,
2022-09-04,20.8,27.4,24.1,2.6,1.0
2022-09-05,18.3,25.2,22.3,61.5,9.6
2022-09-06,17.1,25.5,20.1,72.2,23.6
2022-09-07,16.2,27.7,20.6,0.0,
2022-09-08,14.3,29.2,21.1,0.0,
2022-09-09,17.3,28.7,22.9,0.0,
2022-09-10,18.8,26.7,22.1,0.0,
2022-09-11,19.4,28.3,23.3,0.0,
2022-09-12,20.7,26.6,23.0,1.9,0.9
2022-09-13,21.3,27.1,24.1,0.0,
2022-09-14,21.6,28.4,24.7,0.0,
2022-09-15,21.8,29.3,25.2,0.0,
2022-09-16,21.5,29.2,25.2,0.1,0.1
2022-09-17,23.0,32.7,26.8,0.0,
2022-09-18,23.4,32.6,27.5,0.0,
2022-09-19,18.8,30.3,24.4,0.0,
2022-09-20,15.1,24.6,19.1,0.0,
2022-09-21,13.2,24.1,18.5,0.0,
2022-09-22,12.7,23.8,18.0,0.0,
2022-09-23,12.9,23.7,17.0,0.5,0.5
2022-09-24,10.6,23.9,17.1,0.0,
2022-09-25,14.0,24.8,17.9,0.0,
2022-09-26,14.5,25.6,18.7,0.0,
2022-09-27,12.1,27.5,19.0,0.0,
2022-09-28,14.1,25.3,18.9,0.0,
2022-09-29,15.1,,,0.0,
2022-09-30,12.9,27.8,,0.0,
2022-10-01,12.4,27.5,19.1,0.0,
2022-10-02,16.6,28.1,20.6,1.6,1.6
2022-10-03,18.2,25.8,23.1,24.0,8.8
2022-10-04,14.9,24.5,19.6,45.5,24.7
2022-10-05,13.0,21.1,15.6,0.0,
2022-10-06,13.1,20.9,15.7,1.5,1.0
2022-10-07,11.5,18.8,14.8,0.0,
2022-10-08,9.7,20.6,15.7,0.0,
2022-10-09,10.7,15.0,12.8,22.3,4.7
2022-10-10,7.7,13.4,10.2,5.8,2.8
2022-10-11,7.8,17.3,11.4,0.0,
2022-10-12,4.9,20.1,11.8,0.0,
2022-10-13,9.2,22.1,15.0,0.0,
2022-10-14,10.6,22.4,15.4,0.0,
2022-10-15,12.8,24.5,18.0,0.0,
2022-10-16,14.4,22.1,17.3,0.0,
2022-10-17,7.5,15.3,12.3,0.0,
2022-10-18,2.2,14.2,7.8,0.0,
2022-10-19,1.4,16.6,8.7,0.0,
2022-10-20,3.1,19.2,10.3,0.0,
2022-10-21,6.0,18.9,11.8,0.0,
2022-10-22,8.1,21.5,13.9,0.0,
2022-10-23,9.8,19.4,13.4,0.0,
2022-10-24,4.9,15.1,9.3,0.0,
2022-10-25,3.2,16.3,9.5,0.0,
2022-10-26,4.6,18.2,11.0,0.0,
2022-10-27,6.2,20.3,12.6,0.0,
2022-10-28,8.9,19.9,13.5,0.0,
2022-10-29,8.3,20.7,13.6,0.0,
2022-10-30,8.3,20.7,13.8,0.0,
2022-10-31,9.6,20.0,13.9,0.0,
2022-11-01,8.4,19.2,12.8,0.0,
2022-11-02,4.6,19.0,10.0,0.0,
2022-11-03,3.7,16.4,9.3,0.0,
2022-11-04,1.3,10.5,5.7,0.0,
2022-11-05,-1.8,14.5,5.9,0.0,
2022-11-06,1.2,16.6,8.1,0.0,
2022-11-07,2.4,16.9,9.3,0.0,
2022-11-08,6.3,18.9,11.9,0.0,
2022-11-09,5.4,16.3,9.6,0.0,
2022-11-10,5.1,18.7,11.3,0.0,
2022-11-11,7.7,22.0,13.9,0.0,
2022-11-12,9.8,24.3,17.6,4.4,
2022-11-13,9.3,18.9,11.0,1.5,
2022-11-14,5.1,15.1,9.2,0.0,
2022-11-15,1.7,14.2,7.8,2.4,
2022-11-16,4.4,15.3,8.5,0.4,
2022-11-17,4.0,15.9,9.1,0.0,
2022-11-18,2.5,17.7,9.1,0.0,
2022-11-19,4.3,19.0,11.3,0.0,
2022-11-20,9.2,18.9,12.6,0.0,
2022-11-21,5.7,19.7,11.7,0.0,
2022-11-22,8.1,13.5,10.5,0.4,
2022-11-23,5.5,16.6,10.5,0.0,
2022-11-24,2.6,14.7,8.1,0.0,
2022-11-25,2.3,17.3,9.4,0.0,
2022-11-26,1.6,14.1,8.5,0.0,
2022-11-27,-1.2,13.8,5.8,0.0,
2022-11-28,3.0,11.7,8.0,24.8,
2022-11-29,0.9,13.4,8.4,5.9,
2022-11-30,-5.2,0.9,-3.2,0.0,
2022-12-01,-7.3,1.0,-3.6,0.0,
2022-12-02,-6.5,2.8,-1.9,0.0,
2022-12-03,-1.9,5.6,2.1,0.0,
2022-12-04,-3.7,3.6,-1.6,0.0,
2022-12-05,-5.4,3.0,-2.6,0.0,
2022-12-06,-6.3,5.8,-0.1,0.4,
2022-12-07,-0.4,9.2,4.1,0.0,
2022-12-08,-1.7,9.9,3.2,0.0,
2022-12-09,-1.7,11.5,3.7,0.0,
2022-12-10,-2.7,5.2,1.5,0.0,
2022-12-11,-3.2,8.4,1.6,0.0,
2022-12-12,-4.0,6.7,1.3,0.2,
2022-12-13,-2.9,3.8,1.1,4.5,
2022-12-14,-9.8,-2.9,-7.4,0.1,
2022-12-15,-9.5,3.5,-2.5,4.8,
2022-12-16,-8.1,-2.2,-5.1,0.0,
2022-12-17,-9.6,-3.0,-6.4,2.2,
2022-12-18,-13.8,-5.0,-8.9,0.0,
2022-12-19,-13.0,-0.8,-6.4,0.0,
2022-12-20,-9.1,2.9,-3.0,0.0,
2022-12-21,-2.5,1.4,-0.1,5.6,
2022-12-22,-8.3,0.2,-5.1,0.8,
2022-12-23,-10.7,-5.2,-8.2,0.3,
2022-12-24,-13.6,-4.2,-9.2,0.0,
2022-12-25,-12.1,2.4,-5.4,0.0,
2022-12-26,-9.7,1.4,-4.1,0.0,
2022-12-27,-8.9,3.2,-2.9,0.0,
2022-12-28,-5.5,2.8,-2.4,0.0,
2022-12-29,-8.5,1.5,-3.5,0.0,
2022-12-30,-3.9,3.0,-1.0,0.1,
2022-12-31,-4.8,4.5,-1.4,0.0,
2023-01-01,-6.0,6.0,-0.8,0.0,
2023-01-02,-6.6,1.9,-3.3,0.0,
2023-01-03,-9.3,2.6,-3.7,0.0,
2023-01-04,-7.4,5.1,-1.8,0.0,
2023-01-05,-6.2,4.0,-1.5,0.0,
2023-01-06,-4.4,6.3,0.8,0.7,
2023-01-07,-1.7,6.3,2.9,0.0,
2023-01-08,-4.7,7.0,0.6,0.0,
2023-01-09,-2.2,8.7,1.7,0.0,
2023-01-10,-5.3,8.7,0.7,0.0,
2023-01-11,-4.3,9.9,1.8,0.0,
2023-01-12,-3.0,13.2,4.9,0.1,
2023-01-13,4.7,13.0,8.7,17.5,
2023-01-14,5.5,8.8,7.2,4.8,
2023-01-15,-3.0,5.6,0.3,1.0,
2023-01-16,-6.1,0.4,-3.3,0.0,
2023-01-17,-7.0,2.1,-2.5,0.0,
2023-01-18,-3.8,3.9,-0.9,0.0,
2023-01-19,-5.3,5.0,0.5,0.0,
2023-01-20,-7.4,3.7,-2.0,0.5,
2023-01-21,-9.0,1.9,-3.7,0.0,
2023-01-22,-4.1,3.8,-0.4,0.0,
2023-01-23,-3.4,7.2,0.3,0.0,
2023-01-24,-14.4,-3.4,-11.4,0.2,
2023-01-25,-17.5,-5.2,-11.5,0.0,
2023-01-26,-11.7,-4.6,-6.9,1.5,
2023-01-27,-11.3,-3.4,-6.8,0.0,
2023-01-28,-12.2,-0.6,-5.9,0.0,
2023-01-29,-9.9,4.5,-1.7,0.0,
2023-01-30,-6.2,4.4,-0.9,0.0,
2023-01-31,-6.8,9.3,1.8,0.0,
2023-02-01,,,,0.0,
2023-02-02,,,,0.0,
2023-02-03,-3.9,4.1,-1.1,0.0,
2023-02-04,-7.5,6.0,-1.1,0.0,
2023-02-05,-6.4,7.5,0.0,0.0,
2023-02-06,-4.8,8.9,1.8,0.0,
2023-02-07,-2.5,10.3,2.5,0.0,
2023-02-08,-4.3,9.1,1.5,0.0,
2023-02-09,-4.7,10.5,3.1,0.9,
2023-02-10,-0.3,6.9,3.2,2.9,
2023-02-11,-3.0,4.3,0.2,0.0,
2023-02-12,-2.9,4.5,1.1,0.0,
2023-02-13,2.7,9.8,5.8,0.0,
2023-02-14,-2.2,7.1,1.2,0.0,
2023-02-15,-2.4,7.5,2.7,0.0,
2023-02-16,-1.4,7.4,2.6,0.0,
2023-02-17,-2.3,9.7,3.9,0.0,
2023-02-18,4.7,8.5,6.1,0.1,
2023-02-19,-1.4,7.5,3.2,0.2,
2023-02-20,-4.4,4.8,-0.7,0.0,
2023-02-21,-6.4,4.7,-1.5,0.0,
2023-02-22,-6.6,9.5,1.5,0.0,
2023-02-23,-3.4,9.4,2.9,0.0,
2023-02-24,-1.9,9.2,2.6,0.0,
2023-02-25,-4.6,6.0,0.2,0.0,
2023-02-26,-5.8,10.4,1.5,0.0,
2023-02-27,-4.7,13.7,3.8,0.0,
2023-02-28,-3.7,13.2,5.0,0.0,
2023-03-01,2.3,10.2,5.8,0.0,
2023-03-02,-1.8,6.7,2.1,0.0,
2023-03-03,-5.6,12.8,3.5,0.0,
2023-03-04,-0.4,13.7,6.1,0.0,
2023-03-05,-0.5,16.4,7.4,0.0,
2023-03-06,-0.9,17.4,8.1,0.0,
2023-03-07,3.2,20.6,11.3,0.0,
2023-03-08,7.5,20.5,13.8,0.0,
2023-03-09,7.7,20.3,14.0,0.0,
2023-03-10,4.0,22.8,13.5,0.0,
2023-03-11,7.8,24.3,16.0,0.0,
2023-03-12,0.6,14.3,6.4,9.1,
2023-03-13,-2.2,9.3,3.2,0.0,
2023-03-14,-0.5,16.6,8.5,0.0,
2023-03-15,3.7,18.4,11.0,0.0,
2023-03-16,1.6,11.0,5.8,0.0,
2023-03-17,1.7,11.9,6.9,0.0,
2023-03-18,3.8,15.7,8.3,0.0,
2023-03-19,-0.5,16.4,7.9,0.0,
2023-03-20,1.4,18.7,9.7,0.0,
2023-03-21,3.2,22.3,12.8,0.0,
2023-03-22,6.6,25.0,16.6,0.0,
2023-03-23,10.1,20.4,14.4,9.4,
2023-03-24,5.8,18.3,11.7,0.0,
2023-03-25,7.9,13.3,10.8,0.0,
2023-03-26,3.7,15.0,8.9,0.0,
2023-03-27,-1.1,14.6,6.8,0.0,
2023-03-28,0.4,15.6,8.1,0.0,
2023-03-29,1.8,20.4,11.3,0.0,
2023-03-30,3.8,22.3,13.3,0.0,
2023-03-31,4.7,23.5,14.1,0.0,
2023-04-01,6.1,24.8,16.1,0.0,
2023-04-02,10.6,22.4,16.9,0.0,
2023-04-03,8.4,22.9,16.8,0.0,
2023-04-04,11.0,22.1,15.1,8.4,2.9
2023-04-05,8.2,15.9,12.1,15.6,2.6
2023-04-06,6.8,10.5,8.8,3.0,1.2
2023-04-07,2.1,15.9,8.3,0.0,
2023-04-08,0.1,15.5,7.9,0.0,
2023-04-09,1.9,18.7,9.6,0.0,
2023-04-10,2.6,20.4,11.9,0.0,
2023-04-11,9.7,20.1,14.8,1.2,1.2
2023-04-12,3.4,17.2,10.5,0.0,
2023-04-13,2.8,23.0,12.6,0.0,
2023-04-14,7.8,21.9,15.4,0.0,
2023-04-15,7.4,15.7,12.3,8.1,6.3
2023-04-16,6.5,15.8,9.9,0.3,0.3
2023-04-17,3.7,20.5,12.5,0.0,
2023-04-18,11.2,14.7,13.4,10.1,7.6
2023-04-19,12.9,27.4,19.4,0.0,
2023-04-20,14.2,25.0,18.8,0.0,
2023-04-21,13.5,22.5,17.1,0.0,
2023-04-22,11.3,21.0,16.0,0.0,
2023-04-23,11.6,21.0,15.9,0.0,
2023-04-24,10.2,19.9,14.6,0.0,
2023-04-25,6.6,11.0,9.2,0.4,0.2
2023-04-26,4.7,14.6,8.5,0.0,
2023-04-27,2.1,21.9,12.0,0.0,
2023-04-28,6.0,22.7,15.6,0.0,0.0
2023-04-29,8.7,18.4,13.6,1.7,1.0
2023-04-30,5.7,19.7,12.8,0.0,
2023-05-01,7.3,20.6,14.0,0.0,
2023-05-02,6.3,25.4,16.4,0.0,
2023-05-03,10.1,25.3,18.5,0.0,
2023-05-04,14.7,25.9,19.7,2.5,2.5
2023-05-05,16.3,20.9,18.9,72.8,14.8
2023-05-06,11.8,19.7,14.4,42.7,6.9
2023-05-07,8.2,14.7,12.1,0.5,0.2
2023-05-08,5.2,22.0,13.1,0.0,
2023-05-09,6.1,24.8,15.5,0.0,
2023-05-10,8.8,25.0,16.6,0.0,
2023-05-11,9.5,26.6,18.1,0.0,
2023-05-12,11.1,24.1,17.4,0.0,
2023-05-13,12.2,23.6,17.5,0.0,
2023-05-14,8.9,25.0,17.3,0.0,
2023-05-15,10.2,27.6,19.7,0.0,
2023-05-16,14.7,30.2,22.6,0.0,
2023-05-17,15.3,29.8,22.6,0.0,
2023-05-18,17.7,21.9,19.1,0.0,
2023-05-19,15.5,25.6,20.4,0.0,
2023-05-20,14.5,27.1,20.1,0.0,
2023-05-21,15.4,23.7,18.1,0.0,
2023-05-22,13.9,22.8,17.2,0.5,0.5
2023-05-23,10.9,25.0,17.8,0.0,
2023-05-24,11.6,26.5,19.3,0.0,
2023-05-25,14.2,26.8,20.4,0.0,
2023-05-26,15.3,26.1,21.2,0.0,
2023-05-27,18.4,21.6,19.9,6.3,3.2
2023-05-28,18.0,21.8,20.0,42.9,9.0
2023-05-29,19.1,22.7,20.6,26.0,10.0
2023-05-30,17.5,26.0,21.5,0.0,
2023-05-31,17.3,27.7,22.0,0.0,
2023-06-01,17.3,26.0,21.7,0.0,
2023-06-02,17.0,25.9,20.9,0.0,
2023-06-03,14.9,26.9,21.1,0.0,
2023-06-04,15.3,28.2,21.9,0.0,
2023-06-05,16.3,26.4,20.9,0.0,
2023-06-06,14.6,27.3,20.3,0.0,
2023-06-07,16.0,26.1,21.3,0.0,
2023-06-08,18.1,27.1,21.6,0.0,
2023-06-09,18.6,29.5,23.1,0.0,
2023-06-10,19.0,30.6,23.4,0.0,
2023-06-11,17.9,29.4,22.8,0.0,
2023-06-12,16.7,29.0,22.6,0.0,0.0
2023-06-13,17.8,28.1,22.2,0.0,0.0
2023-06-14,16.2,27.7,21.7,0.0,
2023-06-15,15.5,27.9,21.8,0.0,
2023-06-16,16.3,31.3,23.6,0.0,
2023-06-17,17.3,31.6,24.1,0.0,
2023-06-18,18.4,32.9,25.1,0.0,
2023-06-19,19.1,33.3,26.2,0.0,
2023-06-20,19.8,27.5,23.5,8.6,8.3
2023-06-21,19.8,23.3,20.8,7.7,2.8
2023-06-22,19.0,27.7,22.5,0.0,
2023-06-23,18.7,31.1,24.9,0.0,
2023-06-24,20.7,32.2,26.2,0.0,
2023-06-25,20.1,31.6,26.3,0.0,
2023-06-26,21.3,26.2,23.8,46.4,12.8
2023-06-27,22.1,30.5,25.5,7.1,4.0
2023-06-28,19.0,26.7,23.6,1.9,1.9
2023-06-29,23.2,25.1,24.3,31.9,13.7
2023-06-30,23.1,27.2,24.3,9.0,3.9
2023-07-01,22.7,32.7,26.8,0.0,
2023-07-02,23.4,31.4,27.0,0.0,
2023-07-03,23.5,33.3,27.7,0.0,
2023-07-04,23.4,26.9,24.7,59.2,21.7
2023-07-05,22.0,28.5,24.5,18.8,10.8
2023-07-06,20.2,31.2,25.7,0.0,
2023-07-07,19.2,25.6,21.5,55.2,21.7
2023-07-08,19.3,29.3,24.1,0.8,0.6
2023-07-09,23.4,30.4,26.1,0.3,0.3
2023-07-10,20.1,31.0,26.1,55.6,40.1
2023-07-11,22.6,26.6,23.9,16.5,13.2
2023-07-12,23.8,30.5,26.2,6.2,4.7
2023-07-13,24.3,26.3,25.1,18.2,5.5
2023-07-14,23.2,25.3,24.5,182.7,25.9
2023-07-15,21.4,24.5,22.8,283.7,45.7
2023-07-16,21.6,27.7,24.0,1.4,0.6
2023-07-17,23.0,30.3,25.2,10.4,3.5
2023-07-18,22.4,24.5,23.2,100.0,29.3
2023-07-19,21.9,31.1,25.6,0.0,
2023-07-20,21.1,31.9,26.0,0.0,
2023-07-21,23.5,33.7,27.1,0.0,
2023-07-22,23.2,28.9,25.4,0.6,0.5
2023-07-23,23.9,26.8,25.0,27.4,5.4
2023-07-24,23.7,30.4,25.8,8.0,4.7
2023-07-25,22.9,29.3,25.3,7.0,5.5
2023-07-26,22.9,31.9,25.2,13.4,12.2
2023-07-27,23.1,33.4,27.1,0.0,0.0
2023-07-28,23.6,34.1,28.6,0.0,
2023-07-29,24.6,34.5,29.1,0.0,
2023-07-30,24.3,33.7,27.5,1.1,1.0
2023-07-31,24.1,31.8,27.5,0.0,
2023-08-01,24.2,34.8,29.2,0.0,
2023-08-02,24.9,34.1,28.8,0.0,
2023-08-03,23.1,34.4,28.9,0.0,
2023-08-04,25.0,35.0,29.5,0.0,
2023-08-05,25.2,34.8,29.2,0.0,
2023-08-06,24.1,35.9,29.2,0.0,0.0
2023-08-07,24.7,35.4,29.5,0.0,
2023-08-08,25.4,34.9,30.2,0.0,0.0
2023-08-09,23.3,31.2,26.9,21.4,7.6
2023-08-10,20.8,23.3,21.6,162.9,20.0
2023-08-11,21.2,29.5,25.1,4.8,2.1
2023-08-12,20.2,28.8,24.1,1.9,1.3
2023-08-13,23.2,32.1,26.7,0.0,
2023-08-14,23.6,33.9,27.7,0.0,
2023-08-15,23.6,32.1,27.8,0.0,
2023-08-16,23.7,31.6,26.6,0.0,0.0
2023-08-17,21.5,32.7,26.7,0.0,
2023-08-18,24.6,33.4,28.0,0.0,
2023-08-19,24.0,33.6,28.1,0.0,0.0
2023-08-20,24.4,33.3,28.1,0.0,
2023-08-21,24.7,33.5,28.4,0.0,0.0
2023-08-22,23.8,32.1,26.9,45.2,35.7
2023-08-23,23.9,31.0,26.2,10.6,3.6
2023-08-24,23.8,30.1,25.3,23.1,9.9
2023-08-25,22.0,30.4,25.6,0.0,
2023-08-26,20.2,30.1,24.4,0.0,
2023-08-27,20.9,30.8,26.0,0.0,
2023-08-28,23.9,29.1,26.1,0.0,0.0
2023-08-29,21.4,27.7,24.4,7.1,5.3
2023-08-30,20.2,23.1,21.4,24.6,5.1
2023-08-31,19.8,28.0,22.2,0.0,
2023-09-01,18.3,29.5,22.6,0.0,
2023-09-02,18.1,31.1,24.5,0.0,
2023-09-03,22.4,32.1,26.9,0.6,0.5
2023-09-04,24.2,31.0,27.2,0.0,
2023-09-05,23.4,31.6,26.3,0.0,
2023-09-06,21.5,31.3,26.0,0.0,
2023-09-07,20.2,30.0,24.7,0.0,
2023-09-08,17.6,29.6,22.8,0.0,
2023-09-09,18.0,30.9,24.0,0.0,
2023-09-10,19.4,31.2,24.7,0.0,
2023-09-11,20.2,30.6,24.4,0.0,
2023-09-12,19.9,29.5,24.1,0.0,
2023-09-13,19.5,22.4,20.7,29.7,8.3
2023-09-14,19.5,25.8,22.1,5.2,1.2
2023-09-15,21.1,24.4,22.4,16.3,3.4
2023-09-16,21.2,27.1,22.9,101.2,33.3
2023-09-17,21.5,28.8,24.3,2.7,2.7
2023-09-18,20.9,28.6,23.6,0.0,
2023-09-19,20.1,27.6,23.0,0.0,
2023-09-20,19.2,22.4,20.9,161.4,33.0
2023-09-21,16.1,21.7,18.7,1.3,0.9
2023-09-22,14.6,24.6,18.4,0.0,
2023-09-23,14.8,25.0,19.5,0.0,
2023-09-24,15.3,25.0,20.7,0.0,
2023-09-25,18.3,26.3,21.5,4.7,2.3
2023-09-26,19.4,22.1,20.6,46.1,11.4
2023-09-27,20.5,24.9,22.0,0.4,0.4
2023-09-28,18.4,27.2,22.0,0.0,
2023-09-29,17.0,25.4,19.8,0.0,
2023-09-30,14.2,23.1,18.4,3.5,1.9
2023-10-01,12.4,22.9,17.2,0.0,
2023-10-02,10.5,23.6,16.6,0.0,
2023-10-03,11.9,21.1,15.4,0.0,
2023-10-04,12.2,24.2,17.7,0.0,
2023-10-05,10.5,18.6,14.3,0.0,
2023-10-06,8.7,21.1,14.2,0.0,
2023-10-07,10.7,20.5,15.9,0.0,
2023-10-08,14.8,21.6,17.4,0.0,
2023-10-09,13.5,22.5,17.2,0.0,
2023-10-10,12.5,22.3,16.4,0.0,
2023-10-11,11.7,24.1,16.7,0.0,
2023-10-12,10.2,23.5,16.3,0.0,
2023-10-13,12.5,22.1,16.2,0.0,
2023-10-14,11.2,21.7,14.7,0.0,0.0
2023-10-15,10.6,20.2,14.7,0.0,
2023-10-16,8.0,20.8,14.7,0.0,
2023-10-17,5.4,21.6,12.7,0.0,
2023-10-18,7.8,22.9,14.1,0.0,
2023-10-19,11.5,19.3,14.9,3.3,2.6
2023-10-20,8.9,15.6,12.1,2.0,1.8
2023-10-21,3.7,17.5,9.7,0.0,0.0
2023-10-22,4.2,18.6,11.6,0.0,
2023-10-23,8.4,20.8,13.4,0.0,
2023-10-24,8.0,21.3,14.0,0.0,
2023-10-25,11.0,22.4,15.2,0.0,
2023-10-26,11.7,22.0,16.5,0.0,
2023-10-27,10.9,19.8,14.7,0.0,
2023-10-28,7.5,20.2,12.8,0.0,
2023-10-29,6.9,21.3,13.2,0.0,
2023-10-30,8.5,22.4,14.1,0.0,
2023-10-31,10.0,21.9,14.5,0.0,
2023-11-01,12.7,22.9,18.0,0.0,
2023-11-02,14.8,25.9,19.5,0.0,
2023-11-03,14.8,24.3,19.4,0.0,
2023-11-04,17.3,20.9,18.5,0.4,
2023-11-05,16.4,25.4,19.4,5.2,
2023-11-06,8.7,21.3,15.4,15.5,
2023-11-07,3.6,12.8,8.2,0.0,
2023-11-08,1.0,16.7,8.1,0.0,
2023-11-09,4.5,18.1,11.8,4.6,
2023-11-10,1.4,10.6,5.5,0.1,
2023-11-11,-1.3,7.1,2.2,0.0,
2023-11-12,-1.0,6.4,1.9,0.0,
2023-11-13,-2.4,9.0,2.6,0.0,
2023-11-14,-1.2,11.6,5.6,0.0,
2023-11-15,2.3,13.5,7.0,0.0,
2023-11-16,3.6,7.1,5.3,7.1,
2023-11-17,-1.2,7.1,2.4,3.2,
2023-11-18,-2.7,7.4,2.1,0.2,
2023-11-19,1.3,13.7,7.8,0.0,
2023-11-20,0.9,13.6,6.1,0.0,
2023-11-21,-1.0,16.1,6.1,0.0,
2023-11-22,0.1,14.9,7.7,0.0,
2023-11-23,5.6,17.5,11.5,0.0,
2023-11-24,-2.3,5.6,1.2,0.0,
2023-11-25,-5.1,5.6,-0.8,0.0,
2023-11-26,-2.2,8.2,4.1,0.1,
2023-11-27,4.2,11.1,7.0,3.4,
2023-11-28,-0.9,6.8,3.4,0.0,
2023-11-29,-0.9,7.4,2.4,0.2,0.1
2023-11-30,-5.6,1.3,-2.2,0.0,
2023-12-01,-5.3,2.4,-1.3,0.0,
2023-12-02,-3.9,8.7,2.6,0.0,
2023-12-03,-1.5,8.2,2.6,0.0,
2023-12-04,-4.1,9.2,2.1,0.0,
2023-12-05,-1.6,11.4,3.7,0.0,
2023-12-06,0.1,12.2,6.1,0.6,
2023-12-07,1.4,11.9,6.7,0.0,
2023-12-08,3.4,18.8,11.7,0.0,
2023-12-09,11.8,19.2,14.8,0.0,
2023-12-10,9.8,18.4,13.4,0.0,
2023-12-11,8.7,14.2,12.0,35.3,
2023-12-12,5.5,10.0,7.4,0.1,
2023-12-13,5.6,12.7,9.2,0.0,
2023-12-14,9.0,10.8,9.9,27.1,
2023-12-15,5.6,11.7,8.7,41.5,
2023-12-16,-6.7,5.6,-1.6,2.6,
2023-12-17,-10.8,-5.0,-8.3,0.0,
2023-12-18,-9.9,-2.6,-5.8,0.0,
2023-12-19,-6.2,0.3,-2.4,0.0,
2023-12-20,-9.1,-1.3,-5.2,0.2,
2023-12-21,-11.8,-6.1,-9.4,0.0,
2023-12-22,-13.0,-4.8,-9.3,0.0,
2023-12-23,-12.0,-0.5,-5.8,0.0,
2023-12-24,-4.4,2.3,-1.7,0.6,
2023-12-25,-3.3,3.3,-0.4,0.2,
2023-12-26,-1.5,7.1,1.9,0.0,
2023-12-27,-1.4,7.9,2.2,0.0,
2023-12-28,-3.3,5.8,0.9,0.0,
2023-12-29,-0.7,6.8,2.0,0.0,
2023-12-30,-2.4,2.9,0.5,2.5,
2023-12-31,2.4,5.5,3.5,1.6,
2024-01-01,0.2,7.3,3.4,0.0,
2024-01-02,1.3,6.2,3.7,0.0,
2024-01-03,-0.7,5.6,2.1,0.9,
2024-01-04,-4.6,6.9,0.9,0.0,
2024-01-05,1.1,10.2,4.8,0.0,
2024-01-06,-2.7,7.1,1.3,0.8,
2024-01-07,-5.6,0.6,-2.3,0.0,
2024-01-08,-8.9,1.9,-3.9,0.0,
2024-01-09,-4.0,4.0,0.0,2.9,
2024-01-10,-3.9,0.7,-1.2,0.3,
2024-01-11,-4.5,3.9,0.3,0.0,
2024-01-12,-1.8,8.0,2.4,0.0,
2024-01-13,-5.3,7.5,-0.1,0.0,
2024-01-14,-4.4,9.1,1.2,2.6,
2024-01-15,-5.3,3.2,-2.0,0.0,
2024-01-16,-7.5,4.2,-1.9,0.0,
2024-01-17,-2.6,2.2,0.6,10.4,
2024-01-18,2.1,6.6,4.6,11.0,
2024-01-19,5.0,9.4,6.2,0.0,
2024-01-20,2.5,6.3,4.4,13.2,
2024-01-21,-0.1,7.1,2.9,0.1,
2024-01-22,-8.5,-0.1,-5.4,0.1,
2024-01-23,-11.0,-5.9,-8.9,0.0,
2024-01-24,-10.5,-3.0,-6.6,0.2,
2024-01-25,-10.8,1.6,-4.6,0.0,
2024-01-26,-7.2,3.0,-2.3,0.0,
2024-01-27,-5.4,5.8,-0.3,0.0,
2024-01-28,-4.1,3.2,-0.6,0.0,
2024-01-29,-6.1,5.0,-1.2,0.0,
2024-01-30,-5.3,9.1,0.9,0.0,
2024-01-31,0.3,12.7,5.3,0.0,
2024-02-01,1.4,5.6,3.4,0.0,
2024-02-02,-1.6,8.7,2.5,0.0,
2024-02-03,-0.9,8.9,4.0,0.6,
2024-02-04,2.0,10.6,5.9,1.3,
2024-02-05,0.7,6.0,3.4,17.5,
2024-02-06,0.0,4.2,1.6,0.9,
2024-02-07,-1.8,3.8,0.6,0.0,
2024-02-08,-4.9,6.2,0.4,0.0,
2024-02-09,-4.3,6.9,0.7,0.0,
2024-02-10,-4.3,6.5,0.7,0.1,
2024-02-11,-4.8,6.7,0.4,0.1,
2024-02-12,-3.6,11.7,3.3,0.0,
2024-02-13,0.0,15.6,8.5,0.0,
2024-02-14,8.5,18.2,13.1,0.0,
2024-02-15,-0.6,13.5,5.9,1.0,
2024-02-16,-2.7,9.2,2.6,0.0,
2024-02-17,-2.0,13.5,4.9,0.0,
2024-02-18,-0.6,9.1,5.2,27.4,
2024-02-19,5.4,13.3,10.1,16.9,
2024-02-20,3.5,6.7,5.2,5.6,
2024-02-21,2.1,5.7,4.0,21.9,
2024-02-22,0.6,3.6,1.8,5.8,
2024-02-23,0.3,7.7,3.2,0.3,
2024-02-24,0.6,6.9,3.2,2.7,
2024-02-25,0.6,5.0,2.4,1.7,
2024-02-26,-1.8,8.9,3.4,0.0,
2024-02-27,0.7,10.3,5.1,0.0,
2024-02-28,2.8,11.0,6.5,0.0,
2024-02-29,2.2,7.0,5.3,0.2,
2024-03-01,-5.8,2.1,-2.4,0.0,
2024-03-02,-8.0,4.3,-0.8,0.0,
2024-03-03,0.6,11.5,5.2,1.3,
2024-03-04,0.6,12.5,6.5,0.0,
2024-03-05,5.2,7.9,6.2,4.0,
2024-03-06,2.7,11.5,7.1,0.0,
2024-03-07,0.4,8.8,4.7,0.0,
2024-03-08,-0.9,7.7,2.6,0.0,
2024-03-09,-4.8,8.6,1.9,0.0,
2024-03-10,-4.4,12.4,4.0,0.0,
2024-03-11,-0.6,11.8,6.3,0.0,
2024-03-12,2.8,9.4,5.8,0.1,
2024-03-13,-0.1,13.6,6.1,0.0,
2024-03-14,0.1,16.5,7.4,0.0,
2024-03-15,0.7,18.4,8.7,0.0,
2024-03-16,1.7,20.0,11.0,0.0,
2024-03-17,4.3,13.1,9.1,0.0,
2024-03-18,-0.3,15.6,7.7,0.0,
2024-03-19,4.2,12.3,6.9,0.0,
2024-03-20,1.3,9.3,4.4,0.0,
2024-03-21,-2.3,11.6,4.7,0.0,
2024-03-22,2.6,17.6,9.9,1.9,
2024-03-23,9.8,20.8,14.5,0.0,
2024-03-24,10.1,18.6,14.3,0.0,
2024-03-25,6.7,13.2,9.9,8.1,
2024-03-26,2.8,11.7,6.6,19.0,
2024-03-27,2.3,17.0,9.8,0.0,
2024-03-28,8.2,10.1,9.1,14.4,
2024-03-29,5.2,12.6,8.8,0.0,
2024-03-30,1.7,17.0,9.1,0.0,
2024-03-31,2.0,18.4,10.6,0.0,
2024-04-01,3.6,21.8,12.6,0.0,
2024-04-02,5.6,24.8,15.5,0.0,0.0
2024-04-03,12.6,14.8,13.7,14.1,2.1
2024-04-04,12.4,17.6,14.1,0.0,0.0
2024-04-05,9.9,18.4,13.0,0.0,
2024-04-06,7.2,20.0,12.8,0.0,
2024-04-07,6.6,24.5,15.4,0.0,
2024-04-08,8.2,23.2,16.0,0.0,
2024-04-09,9.7,20.8,15.4,0.0,
2024-04-10,9.5,19.9,14.4,0.0,
2024-04-11,10.8,22.6,15.8,0.0,
2024-04-12,9.6,25.0,17.0,0.0,
2024-04-13,9.8,27.8,18.4,0.0,
2024-04-14,10.8,27.6,19.7,0.0,
2024-04-15,12.8,18.9,16.0,13.0,6.8
2024-04-16,9.8,19.9,14.0,2.0,1.6
2024-04-17,8.5,22.5,14.6,0.0,
2024-04-18,8.0,25.1,16.7,0.0,
2024-04-19,7.6,25.9,17.4,0.0,
2024-04-20,13.1,15.6,13.7,9.3,1.7
2024-04-21,13.3,18.0,16.0,0.1,0.1
2024-04-22,14.3,22.7,17.6,0.0,
2024-04-23,12.1,22.2,16.9,0.0,0.0
2024-04-24,9.5,17.1,13.3,4.5,3.1
2024-04-25,9.1,23.5,14.8,0.0,
2024-04-26,9.9,26.5,17.4,0.0,
2024-04-27,10.1,26.6,18.1,0.0,
2024-04-28,9.0,28.1,19.0,0.0,
2024-04-29,16.0,19.4,17.3,0.3,0.3
2024-04-30,12.1,20.9,16.2,0.0,0.0
2024-05-01,12.1,21.4,16.5,0.0,
2024-05-02,9.5,24.0,16.6,0.0,
2024-05-03,8.4,27.7,17.9,0.0,
2024-05-04,9.5,28.1,20.2,0.0,0.0
2024-05-05,16.5,20.2,17.8,52.9,8.6
2024-05-06,13.1,16.7,14.1,5.1,2.3
2024-05-07,11.4,15.9,13.2,15.5,4.2
2024-05-08,9.7,20.1,14.5,1.2,0.9
2024-05-09,7.8,23.0,15.2,0.0,
2024-05-10,9.5,24.8,17.1,0.0,
2024-05-11,12.0,24.5,18.2,13.3,4.3
2024-05-12,11.1,21.5,15.9,1.1,1.1
2024-05-13,8.8,24.6,17.1,0.0,
2024-05-14,9.0,25.7,17.6,0.0,
2024-05-15,7.9,22.4,12.6,9.7,3.5
2024-05-16,7.3,20.3,13.8,1.5,0.7
2024-05-17,11.8,25.4,18.4,0.0,
2024-05-18,12.3,27.5,19.7,0.0,
2024-05-19,13.9,29.1,20.8,0.0,
2024-05-20,12.2,25.9,18.7,0.0,
2024-05-21,15.5,26.5,20.1,0.0,
2024-05-22,15.0,27.7,20.6,0.0,
2024-05-23,15.7,29.1,21.1,0.0,
2024-05-24,13.9,27.7,20.1,0.0,
2024-05-25,17.8,23.4,20.0,0.0,
2024-05-26,15.5,26.7,20.0,28.5,12.3
2024-05-27,13.5,22.9,17.9,0.0,
2024-05-28,11.5,24.7,18.5,0.0,
2024-05-29,12.3,27.5,20.2,0.0,
2024-05-30,15.2,25.4,20.4,0.0,
2024-05-31,15.1,26.9,20.8,0.0,
2024-06-01,15.1,24.4,19.5,0.0,
2024-06-02,12.7,25.9,19.5,0.0,
2024-06-03,12.3,26.8,20.4,0.0,
2024-06-04,14.8,28.3,21.2,0.0,
2024-06-05,14.7,28.6,21.7,0.0,
2024-06-06,16.7,29.2,21.9,0.0,
2024-06-07,15.2,28.0,22.0,0.0,0.0
2024-06-08,17.7,25.4,20.5,2.3,0.7
2024-06-09,18.2,30.0,23.3,0.0,
2024-06-10,17.1,30.0,23.7,0.0,
2024-06-11,19.5,31.4,24.5,0.0,
2024-06-12,17.3,32.9,24.3,0.0,
2024-06-13,16.5,32.9,24.8,0.0,
2024-06-14,18.5,31.7,25.2,0.0,
2024-06-15,20.6,28.5,23.5,1.3,1.2
2024-06-16,18.4,29.1,23.4,0.0,
2024-06-17,16.0,28.4,22.5,0.0,
2024-06-18,14.8,33.7,24.6,0.0,
2024-06-19,17.8,35.1,26.3,0.0,
2024-06-20,18.8,31.7,25.0,0.0,
2024-06-21,17.9,32.5,25.7,0.0,
2024-06-22,22.0,24.4,22.9,36.9,17.6
2024-06-23,22.3,28.7,24.3,1.1,0.4
2024-06-24,18.8,29.4,24.3,0.0,
2024-06-25,16.5,27.6,21.8,0.0,
2024-06-26,17.4,30.2,23.6,0.0,
2024-06-27,18.3,28.6,23.1,0.0,
2024-06-28,17.4,32.1,24.8,0.0,
2024-06-29,21.2,29.5,24.9,55.0,16.6
2024-06-30,22.2,27.5,24.5,7.7,2.9
2024-07-01,21.6,31.6,26.0,0.0,
2024-07-02,21.3,26.6,23.6,83.5,34.5
2024-07-03,23.1,28.9,25.2,10.6,3.2
2024-07-04,22.7,31.2,27.3,0.0,
2024-07-05,22.8,29.0,25.3,4.1,3.4
2024-07-06,22.7,30.8,26.9,0.0,0.0
2024-07-07,22.0,26.5,24.6,60.9,15.5
2024-07-08,22.7,25.5,24.0,131.6,54.6
2024-07-09,22.2,24.3,23.1,16.5,7.3
2024-07-10,21.2,27.8,23.6,69.2,37.1
2024-07-11,21.5,26.7,23.9,0.1,0.1
2024-07-12,21.7,30.7,25.4,0.0,0.0
2024-07-13,22.0,30.7,26.0,0.0,0.0
2024-07-14,23.3,29.8,25.9,0.0,0.0
2024-07-15,23.7,31.3,26.8,0.0,0.0
2024-07-16,22.3,26.5,24.3,72.2,39.2
2024-07-17,22.3,29.7,26.6,1.7,1.3
2024-07-18,23.6,27.6,25.6,30.2,18.7
2024-07-19,23.3,29.1,25.3,2.3,1.0
2024-07-20,22.7,30.6,26.1,18.7,10.3
2024-07-21,23.8,31.2,27.2,0.7,0.7
2024-07-22,26.2,31.1,28.6,0.0,
2024-07-23,25.2,27.7,26.3,13.7,4.4
2024-07-24,24.8,32.5,27.7,3.3,3.1
2024-07-25,24.5,34.5,27.9,1.6,1.6
2024-07-26,24.9,33.2,28.2,16.8,16.8
2024-07-27,25.5,32.1,28.0,4.4,4.4
2024-07-28,26.2,32.9,29.0,0.0,
2024-07-29,25.6,31.5,27.6,0.0,
2024-07-30,25.6,32.3,28.0,0.0,
2024-07-31,25.0,33.5,29.0,0.0,
2024-08-01,25.7,33.4,29.2,0.0,0.0
2024-08-02,26.8,33.2,29.6,0.0,
2024-08-03,26.6,34.6,30.0,0.0,
2024-08-04,24.7,35.3,29.6,0.0,
2024-08-05,23.6,34.2,27.8,5.7,3.3
2024-08-06,23.3,33.2,28.2,0.0,
2024-08-07,24.9,34.1,29.0,0.0,
2024-08-08,24.6,29.2,26.8,0.3,0.3
2024-08-09,24.1,33.9,28.0,0.0,
2024-08-10,24.1,34.2,28.5,0.0,
2024-08-11,25.2,35.0,29.5,0.0,
2024-08-12,25.0,35.0,29.4,1.1,1.1
2024-08-13,24.7,34.6,28.8,27.8,27.8
2024-08-14,24.9,33.9,28.8,0.0,
2024-08-15,24.6,34.4,28.5,0.0,
2024-08-16,24.6,33.7,28.7,0.0,
2024-08-17,24.9,33.8,28.7,0.0,
2024-08-18,24.7,34.6,28.5,0.0,
2024-08-19,24.4,34.8,29.3,0.1,0.1
2024-08-20,26.4,35.3,29.3,7.7,6.9
2024-08-21,25.9,31.7,27.5,19.9,6.7
2024-08-22,24.8,31.3,27.1,1.9,1.0
2024-08-23,23.6,31.7,27.0,1.6,1.6
2024-08-24,24.1,32.2,27.3,0.0,
2024-08-25,23.9,31.7,26.9,0.0,0.0
2024-08-26,23.5,31.2,26.6,4.6,4.6
2024-08-27,23.9,27.4,25.8,0.0,0.0
2024-08-28,21.5,31.1,26.8,0.0,
2024-08-29,22.9,33.4,27.7,0.0,
2024-08-30,22.4,32.7,26.8,0.0,
2024-08-31,20.9,32.2,25.9,0.0,
2024-09-01,22.1,31.4,26.2,0.0,
2024-09-02,20.9,27.8,24.0,0.3,0.3
2024-09-03,23.0,31.6,27.0,0.0,
2024-09-04,21.0,32.9,26.1,0.0,
2024-09-05,22.2,31.6,26.2,0.0,0.0
2024-09-06,23.3,27.7,24.9,2.0,1.3
2024-09-07,23.0,31.5,26.0,0.0,
2024-09-08,21.1,32.3,26.0,0.0,
2024-09-09,23.1,33.6,28.3,0.0,
2024-09-10,24.7,35.2,28.8,0.0,
2024-09-11,24.4,34.0,27.4,13.9,11.1
2024-09-12,24.6,30.2,26.0,11.7,8.5
2024-09-13,24.4,32.0,27.4,0.0,
2024-09-14,24.7,32.9,27.9,0.0,
2024-09-15,24.6,34.2,29.2,0.0,
2024-09-16,24.9,31.1,27.8,0.0,0.0
2024-09-17,24.7,35.2,29.3,0.0,
2024-09-18,23.6,33.8,27.6,49.2,26.4
2024-09-19,23.9,33.5,28.1,0.0,
2024-09-20,24.5,27.3,25.4,45.2,13.2
2024-09-21,19.6,25.9,20.3,109.7,28.9
2024-09-22,17.4,25.5,21.1,0.1,0.1
2024-09-23,17.1,25.2,20.9,0.0,
2024-09-24,15.2,27.2,20.4,0.0,
2024-09-25,18.3,28.3,22.6,0.0,
2024-09-26,20.0,28.5,23.3,0.0,
2024-09-27,18.1,28.1,22.3,0.0,
2024-09-28,18.3,27.9,22.9,0.0,
2024-09-29,18.9,27.3,22.7,0.0,
2024-09-30,15.6,27.6,20.9,0.0,
2024-10-01,13.8,19.0,16.8,1.2,1.2
2024-10-02,10.5,19.4,14.0,0.0,
2024-10-03,9.0,15.1,12.1,3.0,1.1
2024-10-04,10.5,22.4,14.9,0.0,
2024-10-05,10.4,23.1,15.9,0.0,
2024-10-06,13.3,17.9,15.8,0.1,0.1
2024-10-07,13.8,20.0,16.4,1.2,0.7
2024-10-08,13.5,22.1,15.7,0.0,
2024-10-09,11.8,23.6,17.6,0.0,
2024-10-10,13.4,22.9,17.3,0.1,0.1
2024-10-11,12.0,23.9,16.4,0.0,
2024-10-12,11.9,24.2,16.3,0.0,
2024-10-13,11.6,23.5,16.9,0.0,
2024-10-14,15.9,18.7,17.3,9.0,1.5
2024-10-15,16.9,19.9,18.1,13.9,5.6
2024-10-16,15.4,23.3,18.0,0.0,
2024-10-17,14.7,24.3,18.3,0.0,
2024-10-18,16.7,20.4,18.7,52.1,17.2
2024-10-19,12.9,22.4,17.0,2.4,1.2
2024-10-20,10.5,17.3,13.1,0.0,
2024-10-21,8.6,19.1,13.7,0.1,0.1
2024-10-22,14.8,18.2,16.6,12.2,2.0
2024-10-23,8.8,17.6,13.8,1.3,1.3
2024-10-24,6.2,17.9,11.6,0.0,
2024-10-25,7.3,21.4,13.9,0.0,
2024-10-26,10.4,23.7,16.6,0.0,
2024-10-27,12.9,18.8,15.2,0.5,0.5
2024-10-28,11.3,17.5,14.7,0.0,
2024-10-29,11.7,20.4,14.8,0.0,0.0
2024-10-30,9.7,21.1,14.5,0.0,
2024-10-31,9.0,22.4,14.4,0.0,
2024-11-01,11.4,14.7,13.3,2.6,
2024-11-02,13.5,23.4,17.1,0.0,
2024-11-03,11.2,23.3,16.1,0.0,
2024-11-04,9.0,20.6,14.1,0.5,
2024-11-05,5.9,15.7,9.5,0.0,
2024-11-06,2.4,13.9,7.2,0.0,
2024-11-07,0.5,16.6,7.5,0.0,
2024-11-08,3.1,18.1,10.1,0.0,
2024-11-09,6.8,19.1,12.4,0.0,
2024-11-10,9.5,20.6,13.4,0.0,
2024-11-11,7.3,21.8,13.2,0.0,
2024-11-12,9.1,20.5,13.2,0.0,
2024-11-13,6.8,21.2,12.9,0.0,
2024-11-14,10.5,19.9,14.0,0.3,
2024-11-15,12.3,20.1,14.8,3.9,
2024-11-16,11.4,23.3,16.7,0.7,
2024-11-17,3.6,14.8,8.8,0.0,
2024-11-18,-0.7,8.0,2.9,0.0,
2024-11-19,-2.2,13.5,5.0,0.0,
2024-11-20,0.3,11.5,6.3,0.0,
2024-11-21,3.4,13.4,9.1,0.0,
2024-11-22,1.9,12.6,7.4,0.0,
2024-11-23,-0.5,12.5,4.9,0.0,
2024-11-24,0.3,14.6,6.4,0.0,
2024-11-25,1.5,16.5,9.6,0.1,
2024-11-26,3.7,11.3,7.5,24.6,
2024-11-27,0.1,5.7,1.9,6.0,
2024-11-28,0.5,8.6,2.9,3.8,
2024-11-29,-0.7,5.3,2.1,0.6,
2024-11-30,-0.8,8.8,4.3,0.0,
2024-12-01,1.9,11.7,6.8,0.0,
2024-12-02,1.5,15.6,7.4,0.0,
2024-12-03,-1.0,6.1,1.5,0.0,
2024-12-04,-0.5,7.7,2.8,0.0,
2024-12-05,-1.4,9.3,3.7,1.5,
2024-12-06,0.3,8.2,3.5,0.0,
2024-12-07,-2.7,5.3,0.9,0.7,
2024-12-08,-3.2,4.1,0.0,0.0,
2024-12-09,-4.6,6.5,1.6,0.0,
2024-12-10,0.4,8.1,3.7,0.0,
2024-12-11,-1.4,8.8,2.2,0.0,
2024-12-12,-4.4,6.4,0.6,0.0,
2024-12-13,-1.6,2.9,0.2,0.1,
2024-12-14,-3.7,4.6,0.1,0.0,
2024-12-15,-1.4,4.9,1.7,1.1,
2024-12-16,-2.7,6.1,1.7,0.3,
2024-12-17,-2.5,6.3,1.1,0.0,
2024-12-18,-4.9,1.3,-2.2,0.0,
2024-12-19,-8.7,4.1,-2.5,0.0,
2024-12-20,-4.0,2.5,-0.5,0.2,
2024-12-21,-2.9,3.4,0.0,1.7,
2024-12-22,-6.4,1.6,-2.8,0.0,
2024-12-23,-7.1,4.5,-1.2,0.0,
2024-12-24,-4.0,5.8,0.2,0.0,
2024-12-25,-2.7,6.8,2.3,0.0,
2024-12-26,-1.7,5.1,1.7,0.4,
2024-12-27,-5.2,1.9,-1.5,0.0,
2024-12-28,-5.8,1.0,-1.8,0.0,
2024-12-29,-2.1,6.2,1.5,0.0,
2024-12-30,0.5,10.0,5.8,0.0,
2024-12-31,-2.7,5.9,1.6,0.0,
